"1","1","14","98","0.5","0","0"
"2","2","14","98","0.5","0","0"
"3","3","14","98","0.5","0","0"
"4","4","14","98","0.5","0","0"
"5","5","14","98","0.5","0","0"
"6","6","14","98","0.5","0","0"
"7","7","14","98","0.5","0","0"
"8","8","14","98","0.5","0","0"
"9","9","14","98","0.5","0","0"
"10","10","14","98","0.5","0","0"
"11","11","14","98","0.5","0","0"
"12","12","14","98","0.5","0","0"
"13","13","14","98","0.5","0","0"
"14","14","14","98","0.5","0","0"
"15","15","14","98","0.5","0","0"
"16","16","14","98","0.5","0","0"
"17","17","14","98","0.5","0","0"
"18","18","14","98","0.5","0","0"
"19","19","14","98","0.5","0","0"
"20","20","14","98","0.5","0","0"
"21","21","14","98","0.5","0","0"
"22","22","14","98","0.5","0","0"
"23","23","14","98","0.5","0","0"
"24","24","14","98","0.5","0","0"
"25","25","14","98","0.5","0","0"
"26","26","14","98","0.5","0","0"
"27","27","14","98","0.5","0","0"
"28","28","14","98","0.5","0","0"
"29","29","14","98","0.5","0","0"
"30","30","14","98","0.5","0","0"
"31","31","14","98","0.5","0","0"
"32","32","14","98","0.5","0","0"
"33","33","14","98","0.5","0","0"
"34","34","14","98","0.5","0","0"
"35","35","14","98","0.5","0","0"
"36","1","14","82","0.5","0","0"
"37","2","14","82","0.5","0","0"
"38","3","14","82","0.5","0","0"
"39","4","14","82","0.5","0","0"
"40","5","14","82","0.5","0","0"
"41","6","14","82","0.5","0","0"
"42","7","14","82","0.5","0","0"
"43","8","14","82","0.5","0","0"
"44","9","14","82","0.5","0","0"
"45","10","14","82","0.5","0","0"
"46","11","14","82","0.5","0","0"
"47","12","14","82","0.5","0","0"
"48","13","14","82","0.5","0","0"
"49","14","14","82","0.5","0","0"
"50","15","14","82","0.5","0","0"
"51","16","14","82","0.5","0","0"
"52","17","14","82","0.5","0","0"
"53","18","14","82","0.5","0","0"
"54","19","14","82","0.5","0","0"
"55","20","14","82","0.5","0","0"
"56","21","14","82","0.5","0","0"
"57","22","14","82","0.5","0","0"
"58","23","14","82","0.5","0","0"
"59","24","14","82","0.5","0","0"
"60","25","14","82","0.5","0","0"
"61","26","14","82","0.5","0","0"
"62","27","14","82","0.5","0","0"
"63","28","14","82","0.5","0","0"
"64","29","14","82","0.5","0","0"
"65","30","14","82","0.5","0","0"
"66","31","14","82","0.5","0","0"
"67","32","14","82","0.5","0","0"
"68","33","14","82","0.5","0","0"
"69","34","14","82","0.5","0","0"
"70","35","14","82","0.5","0","0"
"71","1","14","118","0.5","0","0"
"72","2","14","118","0.5","0","0"
"73","3","14","118","0.5","0","0"
"74","4","14","118","0.5","0","0"
"75","5","14","118","0.5","0","0"
"76","6","14","118","0.5","0","0"
"77","7","14","118","0.5","0","0"
"78","8","14","118","0.5","0","0"
"79","9","14","118","0.5","0","0"
"80","10","14","118","0.5","0","0"
"81","11","14","118","0.5","0","0"
"82","12","14","118","0.5","0","0"
"83","13","14","118","0.5","0","0"
"84","14","14","118","0.5","0","0"
"85","15","14","118","0.5","0","0"
"86","16","14","118","0.5","0","0"
"87","17","14","118","0.5","0","0"
"88","18","14","118","0.5","0","0"
"89","19","14","118","0.5","0","0"
"90","20","14","118","0.5","0","0"
"91","21","14","118","0.5","0","0"
"92","22","14","118","0.5","0","0"
"93","23","14","118","0.5","0","0"
"94","24","14","118","0.5","0","0"
"95","25","14","118","0.5","0","0"
"96","26","14","118","0.5","0","0"
"97","27","14","118","0.5","0","0"
"98","28","14","118","0.5","0","0"
"99","29","14","118","0.5","0","0"
"100","30","14","118","0.5","0","0"
"101","31","14","118","0.5","0","0"
"102","32","14","118","0.5","0","0"
"103","33","14","118","0.5","0","0"
"104","34","14","118","0.5","0","0"
"105","35","14","118","0.5","0","0"
"106","1","14","114","0.5","0","0"
"107","2","14","114","0.5","0","0"
"108","3","14","114","0.5","0","0"
"109","4","14","114","0.5","0","0"
"110","5","14","114","0.5","0","0"
"111","6","14","114","0.5","0","0"
"112","7","14","114","0.5","0","0"
"113","8","14","114","0.5","0","0"
"114","9","14","114","0.5","0","0"
"115","10","14","114","0.5","0","0"
"116","11","14","114","0.5","0","0"
"117","12","14","114","0.5","0","0"
"118","13","14","114","0.5","0","0"
"119","14","14","114","0.5","0","0"
"120","15","14","114","0.5","0","0"
"121","16","14","114","0.5","0","0"
"122","17","14","114","0.5","0","0"
"123","18","14","114","0.5","0","0"
"124","19","14","114","0.5","0","0"
"125","20","14","114","0.5","0","0"
"126","21","14","114","0.5","0","0"
"127","22","14","114","0.5","0","0"
"128","23","14","114","0.5","0","0"
"129","24","14","114","0.5","0","0"
"130","25","14","114","0.5","0","0"
"131","26","14","114","0.5","0","0"
"132","27","14","114","0.5","0","0"
"133","28","14","114","0.5","0","0"
"134","29","14","114","0.5","0","0"
"135","30","14","114","0.5","0","0"
"136","31","14","114","0.5","0","0"
"137","32","14","114","0.5","0","0"
"138","33","14","114","0.5","0","0"
"139","34","14","114","0.5","0","0"
"140","35","14","114","0.5","0","0"
"141","1","14","88","0.5","0","0"
"142","2","14","88","0.5","0","0"
"143","3","14","88","0.5","0","0"
"144","4","14","88","0.5","0","0"
"145","5","14","88","0.5","0","0"
"146","6","14","88","0.5","0","0"
"147","7","14","88","0.5","0","0"
"148","8","14","88","0.5","0","0"
"149","9","14","88","0.5","0","0"
"150","10","14","88","0.5","0","0"
"151","11","14","88","0.5","0","0"
"152","12","14","88","0.5","0","0"
"153","13","14","88","0.5","0","0"
"154","14","14","88","0.5","0","0"
"155","15","14","88","0.5","0","0"
"156","16","14","88","0.5","0","0"
"157","17","14","88","0.5","0","0"
"158","18","14","88","0.5","0","0"
"159","19","14","88","0.5","0","0"
"160","20","14","88","0.5","0","0"
"161","21","14","88","0.5","0","0"
"162","22","14","88","0.5","0","0"
"163","23","14","88","0.5","0","0"
"164","24","14","88","0.5","0","0"
"165","25","14","88","0.5","0","0"
"166","26","14","88","0.5","0","0"
"167","27","14","88","0.5","0","0"
"168","28","14","88","0.5","0","0"
"169","29","14","88","0.5","0","0"
"170","30","14","88","0.5","0","0"
"171","31","14","88","0.5","0","0"
"172","32","14","88","0.5","0","0"
"173","33","14","88","0.5","0","0"
"174","34","14","88","0.5","0","0"
"175","35","14","88","0.5","0","0"
"176","1","14","79","0.5","0","0"
"177","2","14","79","0.5","0","0"
"178","3","14","79","0.5","0","0"
"179","4","14","79","0.5","0","0"
"180","5","14","79","0.5","0","0"
"181","6","14","79","0.5","0","0"
"182","7","14","79","0.5","0","0"
"183","8","14","79","0.5","0","0"
"184","9","14","79","0.5","0","0"
"185","10","14","79","0.5","0","0"
"186","11","14","79","0.5","0","0"
"187","12","14","79","0.5","0","0"
"188","13","14","79","0.5","0","0"
"189","14","14","79","0.5","0","0"
"190","15","14","79","0.5","0","0"
"191","16","14","79","0.5","0","0"
"192","17","14","79","0.5","0","0"
"193","18","14","79","0.5","0","0"
"194","19","14","79","0.5","0","0"
"195","20","14","79","0.5","0","0"
"196","21","14","79","0.5","0","0"
"197","22","14","79","0.5","0","0"
"198","23","14","79","0.5","0","0"
"199","24","14","79","0.5","0","0"
"200","25","14","79","0.5","0","0"
"201","26","14","79","0.5","0","0"
"202","27","14","79","0.5","0","0"
"203","28","14","79","0.5","0","0"
"204","29","14","79","0.5","0","0"
"205","30","14","79","0.5","0","0"
"206","31","14","79","0.5","0","0"
"207","32","14","79","0.5","0","0"
"208","33","14","79","0.5","0","0"
"209","34","14","79","0.5","0","0"
"210","35","14","79","0.5","0","0"
"211","1","14","58","0.5","0","0"
"212","2","14","58","0.5","0","0"
"213","3","14","58","0.5","0","0"
"214","4","14","58","0.5","0","0"
"215","5","14","58","0.5","0","0"
"216","6","14","58","0.5","0","0"
"217","7","14","58","0.5","0","0"
"218","8","14","58","0.5","0","0"
"219","9","14","58","0.5","0","0"
"220","10","14","58","0.5","0","0"
"221","11","14","58","0.5","0","0"
"222","12","14","58","0.5","0","0"
"223","13","14","58","0.5","0","0"
"224","14","14","58","0.5","0","0"
"225","15","14","58","0.5","0","0"
"226","16","14","58","0.5","0","0"
"227","17","14","58","0.5","0","0"
"228","18","14","58","0.5","0","0"
"229","19","14","58","0.5","0","0"
"230","20","14","58","0.5","0","0"
"231","21","14","58","0.5","0","0"
"232","22","14","58","0.5","0","0"
"233","23","14","58","0.5","0","0"
"234","24","14","58","0.5","0","0"
"235","25","14","58","0.5","0","0"
"236","26","14","58","0.5","0","0"
"237","27","14","58","0.5","0","0"
"238","28","14","58","0.5","0","0"
"239","29","14","58","0.5","0","0"
"240","30","14","58","0.5","0","0"
"241","31","14","58","0.5","0","0"
"242","32","14","58","0.5","0","0"
"243","33","14","58","0.5","0","0"
"244","34","14","58","0.5","0","0"
"245","35","14","58","0.5","0","0"
"246","36","14","76","0.5","0","0"
"247","37","14","76","0.5","0","0"
"248","38","14","76","0.5","0","0"
"249","39","14","76","0.5","0","0"
"250","40","14","76","0.5","0","0"
"251","41","14","76","0.5","0","0"
"252","42","14","76","0.5","0","0"
"253","43","14","76","0.5","0","0"
"254","44","14","76","0.5","0","0"
"255","45","14","76","0.5","0","0"
"256","46","14","76","0.5","0","0"
"257","47","14","76","0.5","0","0"
"258","48","14","76","0.5","0","0"
"259","49","14","76","0.5","0","0"
"260","50","14","76","0.5","0","0"
"261","51","14","76","0.5","0","0"
"262","52","14","76","0.5","0","0"
"263","53","14","76","0.5","0","0"
"264","54","14","76","0.5","0","0"
"265","55","14","76","0.5","0","0"
"266","56","14","76","0.5","0","0"
"267","57","14","76","0.5","0","0"
"268","58","14","76","0.5","0","0"
"269","59","14","76","0.5","0","0"
"270","60","14","76","0.5","0","0"
"271","36","14","57","0.5","0","0"
"272","37","14","57","0.5","0","0"
"273","38","14","57","0.5","0","0"
"274","39","14","57","0.5","0","0"
"275","40","14","57","0.5","0","0"
"276","41","14","57","0.5","0","0"
"277","42","14","57","0.5","0","0"
"278","43","14","57","0.5","0","0"
"279","44","14","57","0.5","0","0"
"280","45","14","57","0.5","0","0"
"281","46","14","57","0.5","0","0"
"282","47","14","57","0.5","0","0"
"283","48","14","57","0.5","0","0"
"284","49","14","57","0.5","0","0"
"285","50","14","57","0.5","0","0"
"286","51","14","57","0.5","0","0"
"287","52","14","57","0.5","0","0"
"288","53","14","57","0.5","0","0"
"289","54","14","57","0.5","0","0"
"290","55","14","57","0.5","0","0"
"291","56","14","57","0.5","0","0"
"292","57","14","57","0.5","0","0"
"293","58","14","57","0.5","0","0"
"294","59","14","57","0.5","0","0"
"295","60","14","57","0.5","0","0"
"296","36","14","54","0.5","0","0"
"297","37","14","54","0.5","0","0"
"298","38","14","54","0.5","0","0"
"299","39","14","54","0.5","0","0"
"300","40","14","54","0.5","0","0"
"301","41","14","54","0.5","0","0"
"302","42","14","54","0.5","0","0"
"303","43","14","54","0.5","0","0"
"304","44","14","54","0.5","0","0"
"305","45","14","54","0.5","0","0"
"306","46","14","54","0.5","0","0"
"307","47","14","54","0.5","0","0"
"308","48","14","54","0.5","0","0"
"309","49","14","54","0.5","0","0"
"310","50","14","54","0.5","0","0"
"311","51","14","54","0.5","0","0"
"312","52","14","54","0.5","0","0"
"313","53","14","54","0.5","0","0"
"314","54","14","54","0.5","0","0"
"315","55","14","54","0.5","0","0"
"316","56","14","54","0.5","0","0"
"317","57","14","54","0.5","0","0"
"318","58","14","54","0.5","0","0"
"319","59","14","54","0.5","0","0"
"320","60","14","54","0.5","0","0"
"321","36","14","56","0.5","0","0"
"322","37","14","56","0.5","0","0"
"323","38","14","56","0.5","0","0"
"324","39","14","56","0.5","0","0"
"325","40","14","56","0.5","0","0"
"326","41","14","56","0.5","0","0"
"327","42","14","56","0.5","0","0"
"328","43","14","56","0.5","0","0"
"329","44","14","56","0.5","0","0"
"330","45","14","56","0.5","0","0"
"331","46","14","56","0.5","0","0"
"332","47","14","56","0.5","0","0"
"333","48","14","56","0.5","0","0"
"334","49","14","56","0.5","0","0"
"335","50","14","56","0.5","0","0"
"336","51","14","56","0.5","0","0"
"337","52","14","56","0.5","0","0"
"338","53","14","56","0.5","0","0"
"339","54","14","56","0.5","0","0"
"340","55","14","56","0.5","0","0"
"341","56","14","56","0.5","0","0"
"342","57","14","56","0.5","0","0"
"343","58","14","56","0.5","0","0"
"344","59","14","56","0.5","0","0"
"345","60","14","56","0.5","0","0"
"346","36","14","99","0.5","0","0"
"347","37","14","99","0.5","0","0"
"348","38","14","99","0.5","0","0"
"349","39","14","99","0.5","0","0"
"350","40","14","99","0.5","0","0"
"351","41","14","99","0.5","0","0"
"352","42","14","99","0.5","0","0"
"353","43","14","99","0.5","0","0"
"354","44","14","99","0.5","0","0"
"355","45","14","99","0.5","0","0"
"356","46","14","99","0.5","0","0"
"357","47","14","99","0.5","0","0"
"358","48","14","99","0.5","0","0"
"359","49","14","99","0.5","0","0"
"360","50","14","99","0.5","0","0"
"361","51","14","99","0.5","0","0"
"362","52","14","99","0.5","0","0"
"363","53","14","99","0.5","0","0"
"364","54","14","99","0.5","0","0"
"365","55","14","99","0.5","0","0"
"366","56","14","99","0.5","0","0"
"367","57","14","99","0.5","0","0"
"368","58","14","99","0.5","0","0"
"369","59","14","99","0.5","0","0"
"370","60","14","99","0.5","0","0"
"371","36","14","75","0.5","0","0"
"372","37","14","75","0.5","0","0"
"373","38","14","75","0.5","0","0"
"374","39","14","75","0.5","0","0"
"375","40","14","75","0.5","0","0"
"376","41","14","75","0.5","0","0"
"377","42","14","75","0.5","0","0"
"378","43","14","75","0.5","0","0"
"379","44","14","75","0.5","0","0"
"380","45","14","75","0.5","0","0"
"381","46","14","75","0.5","0","0"
"382","47","14","75","0.5","0","0"
"383","48","14","75","0.5","0","0"
"384","49","14","75","0.5","0","0"
"385","50","14","75","0.5","0","0"
"386","51","14","75","0.5","0","0"
"387","52","14","75","0.5","0","0"
"388","53","14","75","0.5","0","0"
"389","54","14","75","0.5","0","0"
"390","55","14","75","0.5","0","0"
"391","56","14","75","0.5","0","0"
"392","57","14","75","0.5","0","0"
"393","58","14","75","0.5","0","0"
"394","59","14","75","0.5","0","0"
"395","60","14","75","0.5","0","0"
"396","36","14","95","0.5","0","0"
"397","37","14","95","0.5","0","0"
"398","38","14","95","0.5","0","0"
"399","39","14","95","0.5","0","0"
"400","40","14","95","0.5","0","0"
"401","41","14","95","0.5","0","0"
"402","42","14","95","0.5","0","0"
"403","43","14","95","0.5","0","0"
"404","44","14","95","0.5","0","0"
"405","45","14","95","0.5","0","0"
"406","46","14","95","0.5","0","0"
"407","47","14","95","0.5","0","0"
"408","48","14","95","0.5","0","0"
"409","49","14","95","0.5","0","0"
"410","50","14","95","0.5","0","0"
"411","51","14","95","0.5","0","0"
"412","52","14","95","0.5","0","0"
"413","53","14","95","0.5","0","0"
"414","54","14","95","0.5","0","0"
"415","55","14","95","0.5","0","0"
"416","56","14","95","0.5","0","0"
"417","57","14","95","0.5","0","0"
"418","58","14","95","0.5","0","0"
"419","59","14","95","0.5","0","0"
"420","60","14","95","0.5","0","0"
"422","61","6","97","0.5","0","0"
"424","63","6","97","0.5","0","0"
"426","64","6","97","0.5","0","0"
"427","36","6","97","0.5","0","0"
"428","41","6","97","0.5","0","0"
"429","46","6","97","0.5","0","0"
"430","51","6","97","0.5","0","0"
"431","65","6","97","0.5","0","0"
"432","66","6","97","0.5","0","0"
"433","67","6","97","0.5","0","0"
"434","68","6","97","0.5","0","0"
"435","69","6","97","0.5","0","0"
"436","70","6","97","0.5","0","0"
"437","71","6","97","0.5","0","0"
"438","72","6","97","0.5","0","0"
"439","73","6","97","0.5","0","0"
"440","74","6","97","0.5","0","0"
"441","75","6","97","0.5","0","0"
"442","76","6","97","0.5","0","0"
"443","61","6","72","0.5","0","0"
"444","63","6","72","0.5","0","0"
"445","64","6","72","0.5","0","0"
"446","65","6","72","0.5","0","0"
"447","66","6","72","0.5","0","0"
"448","67","6","72","0.5","0","0"
"449","36","6","72","0.5","0","0"
"450","68","6","72","0.5","0","0"
"451","69","6","72","0.5","0","0"
"452","70","6","72","0.5","0","0"
"453","41","6","72","0.5","0","0"
"454","71","6","72","0.5","0","0"
"455","72","6","72","0.5","0","0"
"456","73","6","72","0.5","0","0"
"457","46","6","72","0.5","0","0"
"458","74","6","72","0.5","0","0"
"459","75","6","72","0.5","0","0"
"460","76","6","72","0.5","0","0"
"461","51","6","72","0.5","0","0"
"462","78","6","80","0.5","0","0"
"463","45","6","80","0.5","0","0"
"464","79","6","80","0.5","0","0"
"465","50","6","80","0.5","0","0"
"466","80","6","80","0.5","0","0"
"467","55","6","80","0.5","0","0"
"468","81","6","80","0.5","0","0"
"469","60","6","80","0.5","0","0"
"470","82","6","80","0.5","0","0"
"471","83","6","80","0.5","0","0"
"472","84","6","80","0.5","0","0"
"473","85","6","80","0.5","0","0"
"474","86","6","80","0.5","0","0"
"475","87","6","80","0.5","0","0"
"476","88","6","80","0.5","0","0"
"477","89","6","80","0.5","0","0"
"478","90","6","80","0.5","0","0"
"479","92","6","112","0.5","0","0"
"480","93","6","112","0.5","0","0"
"481","94","6","112","0.5","0","0"
"482","95","6","112","0.5","0","0"
"483","96","6","112","0.5","0","0"
"484","97","6","112","0.5","0","0"
"485","98","6","112","0.5","0","0"
"486","99","6","112","0.5","0","0"
"487","100","6","112","0.5","0","0"
"488","101","6","112","0.5","0","0"
"489","102","6","112","0.5","0","0"
"490","103","6","112","0.5","0","0"
"491","104","6","112","0.5","0","0"
"492","105","6","112","0.5","0","0"
"493","106","6","112","0.5","0","0"
"494","107","6","112","0.5","0","0"
"495","92","6","105","0.5","0","0"
"496","93","6","105","0.5","0","0"
"497","94","6","105","0.5","0","0"
"498","95","6","105","0.5","0","0"
"499","96","6","105","0.5","0","0"
"500","97","6","105","0.5","0","0"
"501","98","6","105","0.5","0","0"
"502","99","6","105","0.5","0","0"
"503","100","6","105","0.5","0","0"
"504","101","6","105","0.5","0","0"
"505","102","6","105","0.5","0","0"
"506","103","6","105","0.5","0","0"
"507","104","6","105","0.5","0","0"
"508","105","6","105","0.5","0","0"
"509","106","6","105","0.5","0","0"
"510","107","6","105","0.5","0","0"
"511","78","6","102","0.5","0","0"
"512","45","6","102","0.5","0","0"
"513","79","6","102","0.5","0","0"
"514","50","6","102","0.5","0","0"
"515","80","6","102","0.5","0","0"
"516","55","6","102","0.5","0","0"
"517","81","6","102","0.5","0","0"
"518","60","6","102","0.5","0","0"
"519","82","6","102","0.5","0","0"
"520","83","6","102","0.5","0","0"
"521","84","6","102","0.5","0","0"
"522","85","6","102","0.5","0","0"
"523","86","6","102","0.5","0","0"
"524","87","6","102","0.5","0","0"
"525","88","6","102","0.5","0","0"
"526","89","6","102","0.5","0","0"
"527","90","6","102","0.5","0","0"
"528","91","6","102","0.5","0","0"
"529","109","6","102","0.5","0","0"
"530","110","6","102","0.5","0","0"
"531","111","6","102","0.5","0","0"
"532","112","6","102","0.5","0","0"
"533","113","6","102","0.5","0","0"
"534","114","6","102","0.5","0","0"
"535","115","6","102","0.5","0","0"
"536","116","6","102","0.5","0","0"
"537","117","6","102","0.5","0","0"
"538","118","6","102","0.5","0","0"
"539","119","6","102","0.5","0","0"
"540","120","6","102","0.5","0","0"
"541","121","6","102","0.5","0","0"
"542","122","6","102","0.5","0","0"
"543","123","6","102","0.5","0","0"
"544","124","6","102","0.5","0","0"
"545","125","6","102","0.5","0","0"
"546","126","6","102","0.5","0","0"
"547","127","6","102","0.5","0","0"
"548","128","6","102","0.5","0","0"
"549","129","6","102","0.5","0","0"
"550","130","6","102","0.5","0","0"
"551","131","6","102","0.5","0","0"
"552","132","6","102","0.5","0","0"
"553","133","6","102","0.5","0","0"
"554","134","6","102","0.5","0","0"
"555","135","6","102","0.5","0","0"
"556","136","6","102","0.5","0","0"
"557","137","6","102","0.5","0","0"
"558","138","6","102","0.5","0","0"
"559","139","6","102","0.5","0","0"
"560","92","6","102","0.5","0","0"
"561","140","6","102","0.5","0","0"
"562","141","6","102","0.5","0","0"
"563","97","6","102","0.5","0","0"
"564","142","6","102","0.5","0","0"
"565","143","6","102","0.5","0","0"
"566","102","6","102","0.5","0","0"
"567","144","6","102","0.5","0","0"
"568","145","6","102","0.5","0","0"
"569","107","6","102","0.5","0","0"
"570","146","6","102","0.5","0","0"
"571","147","6","102","0.5","0","0"
"572","148","6","102","0.5","0","0"
"573","149","6","102","0.5","0","0"
"574","2","6","102","0.5","0","0"
"575","150","6","102","0.5","0","0"
"576","151","6","102","0.5","0","0"
"577","152","6","102","0.5","0","0"
"578","153","6","102","0.5","0","0"
"579","154","6","102","0.5","0","0"
"580","155","6","102","0.5","0","0"
"581","156","6","102","0.5","0","0"
"582","157","6","102","0.5","0","0"
"583","158","6","102","0.5","0","0"
"584","159","6","102","0.5","0","0"
"585","160","6","102","0.5","0","0"
"586","161","6","102","0.5","0","0"
"587","50","5","68","0.5","0","0"
"588","53","5","68","0.5","0","0"
"589","56","5","68","0.5","0","0"
"590","59","5","68","0.5","0","0"
"591","163","5","68","0.5","0","0"
"592","83","5","68","0.5","0","0"
"593","164","5","68","0.5","0","0"
"594","165","5","68","0.5","0","0"
"595","166","5","68","0.5","0","0"
"596","167","5","68","0.5","0","0"
"597","89","5","68","0.5","0","0"
"598","168","5","68","0.5","0","0"
"599","169","5","68","0.5","0","0"
"600","170","5","68","0.5","0","0"
"601","171","5","68","0.5","0","0"
"602","112","5","68","0.5","0","0"
"603","172","5","68","0.5","0","0"
"604","173","5","68","0.5","0","0"
"605","174","5","68","0.5","0","0"
"606","175","5","68","0.5","0","0"
"619","69","5","53","0.5","0","0"
"620","176","5","53","0.5","0","0"
"621","78","5","53","0.5","0","0"
"622","177","5","53","0.5","0","0"
"623","178","5","53","0.5","0","0"
"624","75","5","53","0.5","0","0"
"625","179","5","53","0.5","0","0"
"626","80","5","53","0.5","0","0"
"627","180","5","53","0.5","0","0"
"628","181","5","53","0.5","0","0"
"629","182","5","53","0.5","0","0"
"630","183","5","53","0.5","0","0"
"631","66","5","84","0.5","0","0"
"632","184","5","84","0.5","0","0"
"633","185","5","84","0.5","0","0"
"634","186","5","84","0.5","0","0"
"635","187","5","84","0.5","0","0"
"636","69","5","84","0.5","0","0"
"637","188","5","84","0.5","0","0"
"638","176","5","84","0.5","0","0"
"639","176","5","62","0.5","0","0"
"640","78","5","62","0.5","0","0"
"641","177","5","62","0.5","0","0"
"642","178","5","62","0.5","0","0"
"643","75","5","62","0.5","0","0"
"644","179","5","62","0.5","0","0"
"645","80","5","62","0.5","0","0"
"646","180","5","62","0.5","0","0"
"647","181","5","62","0.5","0","0"
"648","182","5","62","0.5","0","0"
"649","183","5","62","0.5","0","0"
"650","82","5","62","0.5","0","0"
"651","56","5","119","0.5","0","0"
"652","60","5","119","0.5","0","0"
"653","191","5","119","0.5","0","0"
"654","164","5","119","0.5","0","0"
"655","192","5","119","0.5","0","0"
"656","193","5","119","0.5","0","0"
"657","89","5","119","0.5","0","0"
"658","39","5","74","0.5","0","0"
"659","40","5","74","0.5","0","0"
"660","41","5","74","0.5","0","0"
"661","42","5","74","0.5","0","0"
"662","43","5","74","0.5","0","0"
"663","44","5","74","0.5","0","0"
"664","45","5","74","0.5","0","0"
"665","46","5","74","0.5","0","0"
"666","47","5","74","0.5","0","0"
"667","66","5","69","0.5","0","0"
"668","37","5","69","0.5","0","0"
"669","176","5","69","0.5","0","0"
"670","44","5","69","0.5","0","0"
"671","79","5","69","0.5","0","0"
"672","51","5","69","0.5","0","0"
"673","184","5","86","0.5","0","0"
"674","69","5","86","0.5","0","0"
"675","78","5","86","0.5","0","0"
"676","178","5","86","0.5","0","0"
"677","179","5","86","0.5","0","0"
"678","180","5","86","0.5","0","0"
"679","66","5","51","0.5","0","0"
"680","40","5","51","0.5","0","0"
"681","178","5","51","0.5","0","0"
"682","53","5","51","0.5","0","0"
"683","195","5","51","0.5","0","0"
"684","196","5","51","0.5","0","0"
"685","86","5","51","0.5","0","0"
"686","184","5","104","0.5","0","0"
"687","42","5","104","0.5","0","0"
"688","198","5","104","0.5","0","0"
"689","57","5","104","0.5","0","0"
"690","190","5","104","0.5","0","0"
"691","192","5","104","0.5","0","0"
"692","66","5","115","0.5","0","0"
"693","188","5","115","0.5","0","0"
"694","200","5","115","0.5","0","0"
"695","201","5","115","0.5","0","0"
"696","81","5","115","0.5","0","0"
"697","202","5","115","0.5","0","0"
"698","203","5","115","0.5","0","0"
"699","204","5","115","0.5","0","0"
"700","205","5","115","0.5","0","0"
"701","109","5","115","0.5","0","0"
"702","184","5","60","0.5","0","0"
"703","189","5","60","0.5","0","0"
"704","75","5","60","0.5","0","0"
"705","207","5","60","0.5","0","0"
"706","82","5","60","0.5","0","0"
"707","203","5","60","0.5","0","0"
"708","208","5","60","0.5","0","0"
"709","209","5","60","0.5","0","0"
"710","210","5","60","0.5","0","0"
"711","41","4","111","0.5","0","0"
"712","75","4","111","0.5","0","0"
"713","56","4","111","0.5","0","0"
"714","202","4","111","0.5","0","0"
"715","165","4","111","0.5","0","0"
"716","38","4","117","0.5","0","0"
"717","177","4","117","0.5","0","0"
"718","51","4","117","0.5","0","0"
"719","81","4","117","0.5","0","0"
"720","191","4","117","0.5","0","0"
"731","220","4","65","0.5","0","0"
"732","221","4","65","0.5","0","0"
"733","222","4","65","0.5","0","0"
"734","223","4","65","0.5","0","0"
"735","224","4","65","0.5","0","0"
"736","225","4","65","0.5","0","0"
"737","226","4","65","0.5","0","0"
"738","227","4","65","0.5","0","0"
"739","228","4","65","0.5","0","0"
"740","229","4","65","0.5","0","0"
"741","230","4","65","0.5","0","0"
"742","69","4","106","0.5","0","0"
"743","79","4","106","0.5","0","0"
"744","181","4","106","0.5","0","0"
"745","213","4","106","0.5","0","0"
"746","214","4","106","0.5","0","0"
"747","66","4","87","0.5","0","0"
"748","232","4","87","0.5","0","0"
"749","233","4","87","0.5","0","0"
"750","234","4","87","0.5","0","0"
"751","235","4","87","0.5","0","0"
"752","41","4","94","0.5","0","0"
"753","237","4","94","0.5","0","0"
"754","238","4","94","0.5","0","0"
"755","239","4","94","0.5","0","0"
"756","240","4","94","0.5","0","0"
"757","66","4","108","0.5","0","0"
"758","242","4","108","0.5","0","0"
"759","243","4","108","0.5","0","0"
"760","244","4","108","0.5","0","0"
"761","245","4","108","0.5","0","0"
"762","246","4","108","0.5","0","0"
"763","248","4","81","0.5","0","0"
"764","249","4","81","0.5","0","0"
"765","250","4","81","0.5","0","0"
"766","251","4","81","0.5","0","0"
"767","252","4","81","0.5","0","0"
"768","253","4","81","0.5","0","0"
"769","36","4","66","0.5","0","0"
"770","255","4","66","0.5","0","0"
"771","256","4","66","0.5","0","0"
"772","257","4","66","0.5","0","0"
"773","258","4","66","0.5","0","0"
"774","259","4","66","0.5","0","0"
"775","261","4","96","0.5","0","0"
"776","262","4","96","0.5","0","0"
"777","263","4","96","0.5","0","0"
"778","264","4","96","0.5","0","0"
"779","265","4","96","0.5","0","0"
"780","266","4","96","0.5","0","0"
"782","261","4","77","0.5","0","0"
"783","268","4","77","0.5","0","0"
"784","269","4","77","0.5","0","0"
"785","270","4","77","0.5","0","0"
"786","271","4","77","0.5","0","0"
"787","272","4","77","0.5","0","0"
"788","273","4","77","0.5","0","0"
"789","274","4","77","0.5","0","0"
"790","276","4","110","0.5","0","0"
"791","277","4","110","0.5","0","0"
"792","278","4","110","0.5","0","0"
"793","279","4","110","0.5","0","0"
"794","280","4","110","0.5","0","0"
"795","281","4","110","0.5","0","0"
"796","282","4","110","0.5","0","0"
"797","283","4","110","0.5","0","0"
"798","284","4","110","0.5","0","0"
"799","286","4","109","0.5","0","0"
"800","287","4","109","0.5","0","0"
"801","288","4","109","0.5","0","0"
"802","289","4","109","0.5","0","0"
"803","290","4","109","0.5","0","0"
"804","291","4","109","0.5","0","0"
"805","292","4","109","0.5","0","0"
"806","293","4","109","0.5","0","0"
"807","294","4","109","0.5","0","0"
"808","248","4","73","0.5","0","0"
"809","296","4","73","0.5","0","0"
"810","297","4","73","0.5","0","0"
"811","298","4","73","0.5","0","0"
"812","299","4","73","0.5","0","0"
"813","300","4","73","0.5","0","0"
"814","301","4","73","0.5","0","0"
"815","56","4","78","0.5","0","0"
"816","303","4","78","0.5","0","0"
"817","304","4","78","0.5","0","0"
"818","305","4","78","0.5","0","0"
"819","306","4","78","0.5","0","0"
"820","307","4","78","0.5","0","0"
"821","308","4","78","0.5","0","0"
"822","286","4","78","0.5","0","0"
"823","310","4","78","0.5","0","0"
"824","311","4","78","0.5","0","0"
"825","312","4","78","0.5","0","0"
"826","313","4","78","0.5","0","0"
"827","314","4","78","0.5","0","0"
"828","315","4","78","0.5","0","0"
"829","316","4","78","0.5","0","0"
"830","317","4","78","0.5","0","0"
"831","318","4","78","0.5","0","0"
"832","319","4","78","0.5","0","0"
"869","261","3","100","0.5","0","0"
"870","321","3","100","0.5","0","0"
"871","322","3","100","0.5","0","0"
"872","323","3","100","0.5","0","0"
"873","324","3","100","0.5","0","0"
"874","325","3","100","0.5","0","0"
"875","326","3","100","0.5","0","0"
"876","327","3","100","0.5","0","0"
"877","328","3","100","0.5","0","0"
"878","329","3","100","0.5","0","0"
"879","330","3","100","0.5","0","0"
"880","331","3","100","0.5","0","0"
"881","66","3","103","0.5","0","0"
"882","333","3","103","0.5","0","0"
"883","334","3","103","0.5","0","0"
"884","335","3","103","0.5","0","0"
"885","336","3","103","0.5","0","0"
"886","337","3","103","0.5","0","0"
"887","248","3","64","0.5","0","0"
"888","339","3","64","0.5","0","0"
"889","340","3","64","0.5","0","0"
"890","341","3","64","0.5","0","0"
"891","342","3","64","0.5","0","0"
"892","343","3","64","0.5","0","0"
"893","220","3","90","0.5","0","0"
"894","345","3","90","0.5","0","0"
"895","346","3","90","0.5","0","0"
"896","347","3","90","0.5","0","0"
"897","348","3","90","0.5","0","0"
"898","349","3","90","0.5","0","0"
"899","350","3","90","0.5","0","0"
"900","351","3","90","0.5","0","0"
"901","372","3","90","0.5","0","0"
"902","354","3","83","0.5","0","0"
"903","355","3","83","0.5","0","0"
"904","356","3","83","0.5","0","0"
"905","357","3","83","0.5","0","0"
"906","358","3","83","0.5","0","0"
"907","39","3","55","0.5","0","0"
"908","360","3","55","0.5","0","0"
"909","361","3","55","0.5","0","0"
"910","362","3","55","0.5","0","0"
"911","363","3","55","0.5","0","0"
"912","364","3","55","0.5","0","0"
"919","185","3","107","0.5","0","0"
"920","366","3","107","0.5","0","0"
"921","367","3","107","0.5","0","0"
"922","368","3","107","0.5","0","0"
"923","369","3","107","0.5","0","0"
"924","370","3","107","0.5","0","0"
"925","261","3","101","0.5","0","0"
"926","372","3","101","0.5","0","0"
"927","373","3","101","0.5","0","0"
"928","374","3","101","0.5","0","0"
"929","375","3","101","0.5","0","0"
"930","376","3","101","0.5","0","0"
"931","377","3","101","0.5","0","0"
"932","248","3","120","0.5","0","0"
"933","379","3","120","0.5","0","0"
"934","380","3","120","0.5","0","0"
"935","381","3","120","0.5","0","0"
"936","382","3","120","0.5","0","0"
"937","383","3","120","0.5","0","0"
"938","384","3","120","0.5","0","0"
"939","385","3","120","0.5","0","0"
"940","386","3","120","0.5","0","0"
"941","387","3","120","0.5","0","0"
"942","388","3","120","0.5","0","0"
"943","389","3","120","0.5","0","0"
"944","390","3","120","0.5","0","0"
"945","391","3","120","0.5","0","0"
"946","392","3","120","0.5","0","0"
"947","393","3","120","0.5","0","0"
"948","56","3","92","0.5","0","0"
"949","395","3","92","0.5","0","0"
"950","396","3","92","0.5","0","0"
"951","397","3","92","0.5","0","0"
"952","398","3","92","0.5","0","0"
"953","399","3","92","0.5","0","0"
"954","186","3","116","0.5","0","0"
"955","401","3","116","0.5","0","0"
"956","402","3","116","0.5","0","0"
"957","403","3","116","0.5","0","0"
"958","404","3","116","0.5","0","0"
"959","405","3","116","0.5","0","0"
"960","406","3","116","0.5","0","0"
"961","407","3","116","0.5","0","0"
"962","408","3","116","0.5","0","0"
"963","409","3","116","0.5","0","0"
"964","185","3","70","0.5","0","0"
"965","411","3","70","0.5","0","0"
"966","412","3","70","0.5","0","0"
"967","413","3","70","0.5","0","0"
"968","414","3","70","0.5","0","0"
"969","415","3","70","0.5","0","0"
"970","416","3","70","0.5","0","0"
"971","417","3","70","0.5","0","0"
"972","418","3","70","0.5","0","0"
"973","220","3","93","0.5","0","0"
"974","420","3","93","0.5","0","0"
"975","421","3","93","0.5","0","0"
"976","422","3","93","0.5","0","0"
"977","423","3","93","0.5","0","0"
"978","424","3","93","0.5","0","0"
"979","425","3","93","0.5","0","0"
"980","426","3","93","0.5","0","0"
"981","41","3","89","0.5","0","0"
"982","428","3","89","0.5","0","0"
"983","429","3","89","0.5","0","0"
"984","430","3","89","0.5","0","0"
"985","431","3","89","0.5","0","0"
"986","432","3","89","0.5","0","0"
"987","433","3","89","0.5","0","0"
"988","434","3","89","0.5","0","0"
"989","435","3","89","0.5","0","0"
"990","436","3","89","0.5","0","0"
"991","186","3","85","0.5","0","0"
"992","438","3","85","0.5","0","0"
"993","439","3","85","0.5","0","0"
"994","440","3","85","0.5","0","0"
"995","441","3","85","0.5","0","0"
"996","442","3","85","0.5","0","0"
"997","443","3","85","0.5","0","0"
"998","444","3","85","0.5","0","0"
"999","445","3","85","0.5","0","0"
"1000","446","3","85","0.5","0","0"
"1001","447","3","85","0.5","0","0"
"1002","185","3","71","0.5","0","0"
"1003","449","3","71","0.5","0","0"
"1004","450","3","71","0.5","0","0"
"1005","451","3","71","0.5","0","0"
"1006","452","3","71","0.5","0","0"
"1007","453","3","71","0.5","0","0"
"1008","454","3","71","0.5","0","0"
"1009","455","3","71","0.5","0","0"
"1010","456","3","71","0.5","0","0"
"1011","185","3","67","0.5","0","0"
"1012","449","3","67","0.5","0","0"
"1013","450","3","67","0.5","0","0"
"1014","451","3","67","0.5","0","0"
"1015","452","3","67","0.5","0","0"
"1016","453","3","67","0.5","0","0"
"1017","454","3","67","0.5","0","0"
"1018","455","3","67","0.5","0","0"
"1019","456","3","67","0.5","0","0"
"1020","42","3","61","0.5","0","0"
"1021","458","3","61","0.5","0","0"
"1022","459","3","61","0.5","0","0"
"1023","460","3","61","0.5","0","0"
"1024","461","3","61","0.5","0","0"
"1025","462","3","61","0.5","0","0"
"1026","463","3","61","0.5","0","0"
"1027","464","3","61","0.5","0","0"
"1028","465","3","61","0.5","0","0"
"1029","466","3","61","0.5","0","0"
"1030","467","3","61","0.5","0","0"
"1033","36","9","59","0.5","0","0"
"1034","469","9","59","0.5","0","0"
"1035","176","9","59","0.5","0","0"
"1036","470","9","59","0.5","0","0"
"1037","45","9","59","0.5","0","0"
"1038","74","9","59","0.5","0","0"
"1039","198","9","59","0.5","0","0"
"1040","471","9","59","0.5","0","0"
"1041","54","9","59","0.5","0","0"
"1042","472","9","59","0.5","0","0"
"1043","182","9","59","0.5","0","0"
"1044","473","9","59","0.5","0","0"
"1045","474","9","59","0.5","0","0"
"1046","475","9","59","0.5","0","0"
"1047","84","9","59","0.5","0","0"
"1048","476","9","59","0.5","0","0"
"1049","192","9","59","0.5","0","0"
"1050","477","9","59","0.5","0","0"
"1051","208","9","59","0.5","0","0"
"1052","478","9","59","0.5","0","0"
"1053","286","9","59","0.5","0","0"
"1054","479","9","59","0.5","0","0"
"1055","480","9","59","0.5","0","0"
"1056","481","9","59","0.5","0","0"
"1057","110","9","59","0.5","0","0"
"1058","482","9","59","0.5","0","0"
"1059","483","9","59","0.5","0","0"
"1060","484","9","59","0.5","0","0"
"1061","485","9","59","0.5","0","0"
"1062","486","9","59","0.5","0","0"
"1063","487","9","59","0.5","0","0"
"1064","488","9","59","0.5","0","0"
"1065","489","9","59","0.5","0","0"
"1066","490","9","59","0.5","0","0"
"1067","119","9","59","0.5","0","0"
"1068","491","9","59","0.5","0","0"
"1069","492","9","59","0.5","0","0"
"1070","493","9","59","0.5","0","0"
"1071","36","9","91","0.5","0","0"
"1072","469","9","91","0.5","0","0"
"1073","176","9","91","0.5","0","0"
"1074","470","9","91","0.5","0","0"
"1075","45","9","91","0.5","0","0"
"1076","74","9","91","0.5","0","0"
"1077","198","9","91","0.5","0","0"
"1078","471","9","91","0.5","0","0"
"1079","54","9","91","0.5","0","0"
"1080","472","9","91","0.5","0","0"
"1081","182","9","91","0.5","0","0"
"1082","473","9","91","0.5","0","0"
"1083","474","9","91","0.5","0","0"
"1084","475","9","91","0.5","0","0"
"1085","84","9","91","0.5","0","0"
"1086","476","9","91","0.5","0","0"
"1087","192","9","91","0.5","0","0"
"1088","477","9","91","0.5","0","0"
"1089","208","9","91","0.5","0","0"
"1090","478","9","91","0.5","0","0"
"1091","286","9","91","0.5","0","0"
"1092","479","9","91","0.5","0","0"
"1093","480","9","91","0.5","0","0"
"1094","481","9","91","0.5","0","0"
"1095","110","9","91","0.5","0","0"
"1096","482","9","91","0.5","0","0"
"1097","483","9","91","0.5","0","0"
"1098","484","9","91","0.5","0","0"
"1099","485","9","91","0.5","0","0"
"1100","486","9","91","0.5","0","0"
"1101","487","9","91","0.5","0","0"
"1102","488","9","91","0.5","0","0"
"1103","489","9","91","0.5","0","0"
"1104","490","9","91","0.5","0","0"
"1105","119","9","91","0.5","0","0"
"1106","491","9","91","0.5","0","0"
"1107","492","9","91","0.5","0","0"
"1108","493","9","91","0.5","0","0"
"1109","185","8","113","0.5","0","0"
"1110","188","8","113","0.5","0","0"
"1111","72","8","113","0.5","0","0"
"1112","79","8","113","0.5","0","0"
"1113","201","8","113","0.5","0","0"
"1115","195","8","113","0.5","0","0"
"1116","202","8","113","0.5","0","0"
"1117","84","8","113","0.5","0","0"
"1118","495","8","113","0.5","0","0"
"1119","204","8","113","0.5","0","0"
"1120","199","8","113","0.5","0","0"
"1121","209","8","113","0.5","0","0"
"1122","109","8","113","0.5","0","0"
"1123","496","8","113","0.5","0","0"
"1124","497","8","113","0.5","0","0"
"1125","498","8","113","0.5","0","0"
"1126","487","8","113","0.5","0","0"
"1127","117","8","113","0.5","0","0"
"1128","499","8","113","0.5","0","0"
"1130","501","8","113","0.5","0","0"
"1131","502","8","113","0.5","0","0"
"1132","125","8","113","0.5","0","0"
"1133","39","8","113","0.5","0","0"
"1135","49","8","113","0.5","0","0"
"1136","207","8","113","0.5","0","0"
"1137","474","8","113","0.5","0","0"
"1139","286","8","113","0.5","0","0"
"1141","504","8","113","0.5","0","0"
"1142","500","8","113","0.5","0","0"
"1143","505","8","113","0.5","0","0"
"1144","36","10","63","0.5","0","0"
"1145","69","10","63","0.5","0","0"
"1146","41","10","63","0.5","0","0"
"1147","72","10","63","0.5","0","0"
"1148","46","10","63","0.5","0","0"
"1149","75","10","63","0.5","0","0"
"1150","51","10","63","0.5","0","0"
"1151","506","10","63","0.5","0","0"
"1152","56","10","63","0.5","0","0"
"1153","182","10","63","0.5","0","0"
"1154","507","10","63","0.5","0","0"
"1155","202","10","63","0.5","0","0"
"1156","196","10","63","0.5","0","0"
"1157","508","10","63","0.5","0","0"
"1158","165","10","63","0.5","0","0"
"1159","509","10","63","0.5","0","0"
"1160","193","10","63","0.5","0","0"
"1180","41","11","122","0.5","0","0"
"1181","286","11","122","0.5","0","0"
"1182","507","11","122","0.5","0","0"
"1183","72","11","121","0.5","0","0"
"1184","51","11","123","0.5","0","0"
"1185","79","11","124","0.5","0","0"
"1186","191","11","124","0.5","0","0"
"1187","69","11","125","0.5","0","0"
"1188","82","11","126","0.5","0","0"
"1189","48","11","126","0.5","0","0"
"1190","286","11","127","0.5","0","0"
"1191","511","11","128","0.5","0","0"
"1192","220","11","128","0.5","0","0"
"1193","48","11","128","0.5","0","0"
"1194","41","11","129","0.5","0","0"
"1195","191","11","129","0.5","0","0"
"1196","213","11","130","0.5","0","0"
"1197","72","11","130","0.5","0","0"
"1198","37","11","131","0.5","0","0"
"1199","186","11","132","0.5","0","0"
"1200","66","12","133","0.5","0","0"
"1201","248","12","134","0.5","0","0"
"1202","261","12","135","0.5","0","0"
"1203","354","12","135","0.5","0","0"
"1204","354","12","136","0.5","0","0"
"1205","37","12","136","0.5","0","0"
"1206","37","12","137","0.5","0","0"
"1207","261","12","137","0.5","0","0"
"1208","261","12","138","0.5","0","0"
"1209","261","12","139","0.5","0","0"
"1210","248","12","140","0.5","0","0"
"1211","261","12","141","0.5","0","0"
"1212","512","12","142","0.5","0","0"
"1214","64","12","144","0.5","0","0"
"1215","220","13","145","0.5","0","0"
"1216","220","13","146","0.5","0","0"
"1217","37","13","145","0.5","0","0"
"1218","187","13","145","0.5","0","0"
"1219","38","13","145","0.5","0","0"
"1220","186","13","145","0.5","0","0"
"1221","39","13","145","0.5","0","0"
"1222","69","13","145","0.5","0","0"
"1223","261","13","146","0.5","0","0"
"1224","261","13","147","0.5","0","0"
"1225","261","13","148","0.5","0","0"
"1226","261","13","149","0.5","0","0"
"1227","261","13","150","0.5","0","0"
"1228","261","13","151","0.5","0","0"
"1229","261","13","152","0","1","0"
"1230","261","13","153","0.5","0","0"
"1231","513","7","154","0.5","0","0"
"1232","513","7","155","0.5","0","0"
"1233","513","7","156","0.5","0","0"
"1234","513","7","157","0.5","0","0"
"1235","513","7","158","0.5","0","0"
"1236","513","7","159","0.5","0","0"
"1237","513","7","160","0.5","0","0"
"1238","513","7","162","0.5","0","0"
"1239","513","7","163","0.5","0","0"
"1240","513","7","164","0.5","0","0"
"1241","513","7","165","0.5","0","0"
"1242","513","7","166","0.5","0","0"
