"1","423","56","3","0.5","0","0"
"2","437","56","3","0.5","0","0"
"3","447","56","3","0.5","0","0"
"4","455","56","3","0.5","0","0"
"5","458","56","3","0.5","0","0"
"6","459","56","3","0.5","0","0"
"7","464","56","3","0.5","0","0"
"8","465","56","3","0.5","0","0"
"9","466","56","3","0.5","0","0"
"10","470","56","3","0.5","0","0"
"11","471","56","3","0.5","0","0"
"12","473","56","3","0.5","0","0"
"13","476","56","3","0.5","0","0"
"14","478","56","3","0.5","0","0"
"15","480","56","3","0.5","0","0"
"16","483","56","3","0.5","0","0"
"17","484","56","3","0.5","0","0"
"18","486","56","3","0.5","0","0"
"19","488","56","3","0.5","0","0"
"20","490","56","3","0.5","0","0"
"21","493","56","3","0.5","0","0"
"22","494","56","3","0.5","0","0"
"23","496","56","3","0.5","0","0"
"24","497","56","3","0.5","0","0"
"25","498","56","3","0.5","0","0"
"26","500","56","3","0.5","0","0"
"27","501","56","3","0.5","0","0"
"28","502","56","3","0.5","0","0"
"29","504","56","3","0.5","0","0"
"30","505","56","3","0.5","0","0"
"31","506","56","3","0.5","0","0"
"32","507","56","3","0.5","0","0"
"33","509","56","3","0.5","0","0"
"34","510","56","3","0.5","0","0"
"35","511","56","3","0.5","0","0"
"36","423","46","3","0.5","0","0"
"37","437","46","3","0.5","0","0"
"38","447","46","3","0.5","0","0"
"39","455","46","3","0.5","0","0"
"40","458","46","3","0.5","0","0"
"41","459","46","3","0.5","0","0"
"42","464","46","3","0.5","0","0"
"43","465","46","3","0.5","0","0"
"44","466","46","3","0.5","0","0"
"45","470","46","3","0.5","0","0"
"46","471","46","3","0.5","0","0"
"47","473","46","3","0.5","0","0"
"48","476","46","3","0.5","0","0"
"49","478","46","3","0.5","0","0"
"50","480","46","3","0.5","0","0"
"51","483","46","3","0.5","0","0"
"52","484","46","3","0.5","0","0"
"53","486","46","3","0.5","0","0"
"54","488","46","3","0.5","0","0"
"55","490","46","3","0.5","0","0"
"56","493","46","3","0.5","0","0"
"57","494","46","3","0.5","0","0"
"58","496","46","3","0.5","0","0"
"59","497","46","3","0.5","0","0"
"60","498","46","3","0.5","0","0"
"61","500","46","3","0.5","0","0"
"62","501","46","3","0.5","0","0"
"63","502","46","3","0.5","0","0"
"64","504","46","3","0.5","0","0"
"65","505","46","3","0.5","0","0"
"66","506","46","3","0.5","0","0"
"67","507","46","3","0.5","0","0"
"68","509","46","3","0.5","0","0"
"69","510","46","3","0.5","0","0"
"70","511","46","3","0.5","0","0"
"71","423","69","3","0.5","0","0"
"72","437","69","3","0.5","0","0"
"73","447","69","3","0.5","0","0"
"74","455","69","3","0.5","0","0"
"75","458","69","3","0.5","0","0"
"76","459","69","3","0.5","0","0"
"77","464","69","3","0.5","0","0"
"78","465","69","3","0.5","0","0"
"79","466","69","3","0.5","0","0"
"80","470","69","3","0.5","0","0"
"81","471","69","3","0.5","0","0"
"82","473","69","3","0.5","0","0"
"83","476","69","3","0.5","0","0"
"84","478","69","3","0.5","0","0"
"85","480","69","3","0.5","0","0"
"86","483","69","3","0.5","0","0"
"87","484","69","3","0.5","0","0"
"88","486","69","3","0.5","0","0"
"89","488","69","3","0.5","0","0"
"90","490","69","3","0.5","0","0"
"91","493","69","3","0.5","0","0"
"92","494","69","3","0.5","0","0"
"93","496","69","3","0.5","0","0"
"94","497","69","3","0.5","0","0"
"95","498","69","3","0.5","0","0"
"96","500","69","3","0.5","0","0"
"97","501","69","3","0.5","0","0"
"98","502","69","3","0.5","0","0"
"99","504","69","3","0.5","0","0"
"100","505","69","3","0.5","0","0"
"101","506","69","3","0.5","0","0"
"102","507","69","3","0.5","0","0"
"103","509","69","3","0.5","0","0"
"104","510","69","3","0.5","0","0"
"105","511","69","3","0.5","0","0"
"106","423","67","3","0.5","0","0"
"107","437","67","3","0.5","0","0"
"108","447","67","3","0.5","0","0"
"109","455","67","3","0.5","0","0"
"110","458","67","3","0.5","0","0"
"111","459","67","3","0.5","0","0"
"112","464","67","3","0.5","0","0"
"113","465","67","3","0.5","0","0"
"114","466","67","3","0.5","0","0"
"115","470","67","3","0.5","0","0"
"116","471","67","3","0.5","0","0"
"117","473","67","3","0.5","0","0"
"118","476","67","3","0.5","0","0"
"119","478","67","3","0.5","0","0"
"120","480","67","3","0.5","0","0"
"121","483","67","3","0.5","0","0"
"122","484","67","3","0.5","0","0"
"123","486","67","3","0.5","0","0"
"124","488","67","3","0.5","0","0"
"125","490","67","3","0.5","0","0"
"126","493","67","3","0.5","0","0"
"127","494","67","3","0.5","0","0"
"128","496","67","3","0.5","0","0"
"129","497","67","3","0.5","0","0"
"130","498","67","3","0.5","0","0"
"131","500","67","3","0.5","0","0"
"132","501","67","3","0.5","0","0"
"133","502","67","3","0.5","0","0"
"134","504","67","3","0.5","0","0"
"135","505","67","3","0.5","0","0"
"136","506","67","3","0.5","0","0"
"137","507","67","3","0.5","0","0"
"138","509","67","3","0.5","0","0"
"139","510","67","3","0.5","0","0"
"140","511","67","3","0.5","0","0"
"141","423","49","3","0.5","0","0"
"142","437","49","3","0.5","0","0"
"143","447","49","3","0.5","0","0"
"144","455","49","3","0.5","0","0"
"145","458","49","3","0.5","0","0"
"146","459","49","3","0.5","0","0"
"147","464","49","3","0.5","0","0"
"148","465","49","3","0.5","0","0"
"149","466","49","3","0.5","0","0"
"150","470","49","3","0.5","0","0"
"151","471","49","3","0.5","0","0"
"152","473","49","3","0.5","0","0"
"153","476","49","3","0.5","0","0"
"154","478","49","3","0.5","0","0"
"155","480","49","3","0.5","0","0"
"156","483","49","3","0.5","0","0"
"157","484","49","3","0.5","0","0"
"158","486","49","3","0.5","0","0"
"159","488","49","3","0.5","0","0"
"160","490","49","3","0.5","0","0"
"161","493","49","3","0.5","0","0"
"162","494","49","3","0.5","0","0"
"163","496","49","3","0.5","0","0"
"164","497","49","3","0.5","0","0"
"165","498","49","3","0.5","0","0"
"166","500","49","3","0.5","0","0"
"167","501","49","3","0.5","0","0"
"168","502","49","3","0.5","0","0"
"169","504","49","3","0.5","0","0"
"170","505","49","3","0.5","0","0"
"171","506","49","3","0.5","0","0"
"172","507","49","3","0.5","0","0"
"173","509","49","3","0.5","0","0"
"174","510","49","3","0.5","0","0"
"175","511","49","3","0.5","0","0"
"176","423","41","3","0.5","0","0"
"177","437","41","3","0.5","0","0"
"178","447","41","3","0.5","0","0"
"179","455","41","3","0.5","0","0"
"180","458","41","3","0.5","0","0"
"181","459","41","3","0.5","0","0"
"182","464","41","3","0.5","0","0"
"183","465","41","3","0.5","0","0"
"184","466","41","3","0.5","0","0"
"185","470","41","3","0.5","0","0"
"186","471","41","3","0.5","0","0"
"187","473","41","3","0.5","0","0"
"188","476","41","3","0.5","0","0"
"189","478","41","3","0.5","0","0"
"190","480","41","3","0.5","0","0"
"191","483","41","3","0.5","0","0"
"192","484","41","3","0.5","0","0"
"193","486","41","3","0.5","0","0"
"194","488","41","3","0.5","0","0"
"195","490","41","3","0.5","0","0"
"196","493","41","3","0.5","0","0"
"197","494","41","3","0.5","0","0"
"198","496","41","3","0.5","0","0"
"199","497","41","3","0.5","0","0"
"200","498","41","3","0.5","0","0"
"201","500","41","3","0.5","0","0"
"202","501","41","3","0.5","0","0"
"203","502","41","3","0.5","0","0"
"204","504","41","3","0.5","0","0"
"205","505","41","3","0.5","0","0"
"206","506","41","3","0.5","0","0"
"207","507","41","3","0.5","0","0"
"208","509","41","3","0.5","0","0"
"209","510","41","3","0.5","0","0"
"210","511","41","3","0.5","0","0"
"211","423","11","3","0.5","0","0"
"212","437","11","3","0.5","0","0"
"213","447","11","3","0.5","0","0"
"214","455","11","3","0.5","0","0"
"215","458","11","3","0.5","0","0"
"216","459","11","3","0.5","0","0"
"217","464","11","3","0.5","0","0"
"218","465","11","3","0.5","0","0"
"219","466","11","3","0.5","0","0"
"220","470","11","3","0.5","0","0"
"221","471","11","3","0.5","0","0"
"222","473","11","3","0.5","0","0"
"223","476","11","3","0.5","0","0"
"224","478","11","3","0.5","0","0"
"225","480","11","3","0.5","0","0"
"226","483","11","3","0.5","0","0"
"227","484","11","3","0.5","0","0"
"228","486","11","3","0.5","0","0"
"229","488","11","3","0.5","0","0"
"230","490","11","3","0.5","0","0"
"231","493","11","3","0.5","0","0"
"232","494","11","3","0.5","0","0"
"233","496","11","3","0.5","0","0"
"234","497","11","3","0.5","0","0"
"235","498","11","3","0.5","0","0"
"236","500","11","3","0.5","0","0"
"237","501","11","3","0.5","0","0"
"238","502","11","3","0.5","0","0"
"239","504","11","3","0.5","0","0"
"240","505","11","3","0.5","0","0"
"241","506","11","3","0.5","0","0"
"242","507","11","3","0.5","0","0"
"243","509","11","3","0.5","0","0"
"244","510","11","3","0.5","0","0"
"245","511","11","3","0.5","0","0"
"246","44","38","3","0.5","0","0"
"247","55","38","3","0.5","0","0"
"248","67","38","3","0.5","0","0"
"249","80","38","3","0.5","0","0"
"250","89","38","3","0.5","0","0"
"251","97","38","3","0.5","0","0"
"252","106","38","3","0.5","0","0"
"253","113","38","3","0.5","0","0"
"254","116","38","3","0.5","0","0"
"255","124","38","3","0.5","0","0"
"256","132","38","3","0.5","0","0"
"257","137","38","3","0.5","0","0"
"258","144","38","3","0.5","0","0"
"259","151","38","3","0.5","0","0"
"260","159","38","3","0.5","0","0"
"261","165","38","3","0.5","0","0"
"262","171","38","3","0.5","0","0"
"263","179","38","3","0.5","0","0"
"264","186","38","3","0.5","0","0"
"265","191","38","3","0.5","0","0"
"266","199","38","3","0.5","0","0"
"267","204","38","3","0.5","0","0"
"268","211","38","3","0.5","0","0"
"269","214","38","3","0.5","0","0"
"270","219","38","3","0.5","0","0"
"271","44","9","3","0.5","0","0"
"272","55","9","3","0.5","0","0"
"273","67","9","3","0.5","0","0"
"274","80","9","3","0.5","0","0"
"275","89","9","3","0.5","0","0"
"276","97","9","3","0.5","0","0"
"277","106","9","3","0.5","0","0"
"278","113","9","3","0.5","0","0"
"279","116","9","3","0.5","0","0"
"280","124","9","3","0.5","0","0"
"281","132","9","3","0.5","0","0"
"282","137","9","3","0.5","0","0"
"283","144","9","3","0.5","0","0"
"284","151","9","3","0.5","0","0"
"285","159","9","3","0.5","0","0"
"286","165","9","3","0.5","0","0"
"287","171","9","3","0.5","0","0"
"288","179","9","3","0.5","0","0"
"289","186","9","3","0.5","0","0"
"290","191","9","3","0.5","0","0"
"291","199","9","3","0.5","0","0"
"292","204","9","3","0.5","0","0"
"293","211","9","3","0.5","0","0"
"294","214","9","3","0.5","0","0"
"295","219","9","3","0.5","0","0"
"296","44","5","3","0.5","0","0"
"297","55","5","3","0.5","0","0"
"298","67","5","3","0.5","0","0"
"299","80","5","3","0.5","0","0"
"300","89","5","3","0.5","0","0"
"301","97","5","3","0.5","0","0"
"302","106","5","3","0.5","0","0"
"303","113","5","3","0.5","0","0"
"304","116","5","3","0.5","0","0"
"305","124","5","3","0.5","0","0"
"306","132","5","3","0.5","0","0"
"307","137","5","3","0.5","0","0"
"308","144","5","3","0.5","0","0"
"309","151","5","3","0.5","0","0"
"310","159","5","3","0.5","0","0"
"311","165","5","3","0.5","0","0"
"312","171","5","3","0.5","0","0"
"313","179","5","3","0.5","0","0"
"314","186","5","3","0.5","0","0"
"315","191","5","3","0.5","0","0"
"316","199","5","3","0.5","0","0"
"317","204","5","3","0.5","0","0"
"318","211","5","3","0.5","0","0"
"319","214","5","3","0.5","0","0"
"320","219","5","3","0.5","0","0"
"321","44","8","3","0.5","0","0"
"322","55","8","3","0.5","0","0"
"323","67","8","3","0.5","0","0"
"324","80","8","3","0.5","0","0"
"325","89","8","3","0.5","0","0"
"326","97","8","3","0.5","0","0"
"327","106","8","3","0.5","0","0"
"328","113","8","3","0.5","0","0"
"329","116","8","3","0.5","0","0"
"330","124","8","3","0.5","0","0"
"331","132","8","3","0.5","0","0"
"332","137","8","3","0.5","0","0"
"333","144","8","3","0.5","0","0"
"334","151","8","3","0.5","0","0"
"335","159","8","3","0.5","0","0"
"336","165","8","3","0.5","0","0"
"337","171","8","3","0.5","0","0"
"338","179","8","3","0.5","0","0"
"339","186","8","3","0.5","0","0"
"340","191","8","3","0.5","0","0"
"341","199","8","3","0.5","0","0"
"342","204","8","3","0.5","0","0"
"343","211","8","3","0.5","0","0"
"344","214","8","3","0.5","0","0"
"345","219","8","3","0.5","0","0"
"346","44","57","3","0.5","0","0"
"347","55","57","3","0.5","0","0"
"348","67","57","3","0.5","0","0"
"349","80","57","3","0.5","0","0"
"350","89","57","3","0.5","0","0"
"351","97","57","3","0.5","0","0"
"352","106","57","3","0.5","0","0"
"353","113","57","3","0.5","0","0"
"354","116","57","3","0.5","0","0"
"355","124","57","3","0.5","0","0"
"356","132","57","3","0.5","0","0"
"357","137","57","3","0.5","0","0"
"358","144","57","3","0.5","0","0"
"359","151","57","3","0.5","0","0"
"360","159","57","3","0.5","0","0"
"361","165","57","3","0.5","0","0"
"362","171","57","3","0.5","0","0"
"363","179","57","3","0.5","0","0"
"364","186","57","3","0.5","0","0"
"365","191","57","3","0.5","0","0"
"366","199","57","3","0.5","0","0"
"367","204","57","3","0.5","0","0"
"368","211","57","3","0.5","0","0"
"369","214","57","3","0.5","0","0"
"370","219","57","3","0.5","0","0"
"371","44","37","3","0.5","0","0"
"372","55","37","3","0.5","0","0"
"373","67","37","3","0.5","0","0"
"374","80","37","3","0.5","0","0"
"375","89","37","3","0.5","0","0"
"376","97","37","3","0.5","0","0"
"377","106","37","3","0.5","0","0"
"378","113","37","3","0.5","0","0"
"379","116","37","3","0.5","0","0"
"380","124","37","3","0.5","0","0"
"381","132","37","3","0.5","0","0"
"382","137","37","3","0.5","0","0"
"383","144","37","3","0.5","0","0"
"384","151","37","3","0.5","0","0"
"385","159","37","3","0.5","0","0"
"386","165","37","3","0.5","0","0"
"387","171","37","3","0.5","0","0"
"388","179","37","3","0.5","0","0"
"389","186","37","3","0.5","0","0"
"390","191","37","3","0.5","0","0"
"391","199","37","3","0.5","0","0"
"392","204","37","3","0.5","0","0"
"393","211","37","3","0.5","0","0"
"394","214","37","3","0.5","0","0"
"395","219","37","3","0.5","0","0"
"396","44","10","3","0.5","0","0"
"397","55","10","3","0.5","0","0"
"398","67","10","3","0.5","0","0"
"399","80","10","3","0.5","0","0"
"400","89","10","3","0.5","0","0"
"401","97","10","3","0.5","0","0"
"402","106","10","3","0.5","0","0"
"403","113","10","3","0.5","0","0"
"404","116","10","3","0.5","0","0"
"405","124","10","3","0.5","0","0"
"406","132","10","3","0.5","0","0"
"407","137","10","3","0.5","0","0"
"408","144","10","3","0.5","0","0"
"409","151","10","3","0.5","0","0"
"410","159","10","3","0.5","0","0"
"411","165","10","3","0.5","0","0"
"412","171","10","3","0.5","0","0"
"413","179","10","3","0.5","0","0"
"414","186","10","3","0.5","0","0"
"415","191","10","3","0.5","0","0"
"416","199","10","3","0.5","0","0"
"417","204","10","3","0.5","0","0"
"418","211","10","3","0.5","0","0"
"419","214","10","3","0.5","0","0"
"420","219","10","3","0.5","0","0"
"421","1","42","12","0.5","0","0"
"422","2","42","12","0.5","0","0"
"423","4","42","12","0.5","0","0"
"424","44","42","12","0.5","0","0"
"425","97","42","12","0.5","0","0"
"426","132","42","12","0.5","0","0"
"427","165","42","12","0.5","0","0"
"428","7","42","12","0.5","0","0"
"429","17","42","12","0.5","0","0"
"430","31","42","12","0.5","0","0"
"431","57","42","12","0.5","0","0"
"432","74","42","12","0.5","0","0"
"433","86","42","12","0.5","0","0"
"434","108","42","12","0.5","0","0"
"435","114","42","12","0.5","0","0"
"436","122","42","12","0.5","0","0"
"437","138","42","12","0.5","0","0"
"438","148","42","12","0.5","0","0"
"439","158","42","12","0.5","0","0"
"440","1","32","12","0.5","0","0"
"441","2","32","12","0.5","0","0"
"442","4","32","12","0.5","0","0"
"443","7","32","12","0.5","0","0"
"444","17","32","12","0.5","0","0"
"445","31","32","12","0.5","0","0"
"446","44","32","12","0.5","0","0"
"447","57","32","12","0.5","0","0"
"448","74","32","12","0.5","0","0"
"449","86","32","12","0.5","0","0"
"450","97","32","12","0.5","0","0"
"451","108","32","12","0.5","0","0"
"452","114","32","12","0.5","0","0"
"453","122","32","12","0.5","0","0"
"454","132","32","12","0.5","0","0"
"455","138","32","12","0.5","0","0"
"456","148","32","12","0.5","0","0"
"457","158","32","12","0.5","0","0"
"458","165","32","12","0.5","0","0"
"459","109","43","12","0.5","0","0"
"460","124","43","12","0.5","0","0"
"461","140","43","12","0.5","0","0"
"462","159","43","12","0.5","0","0"
"463","176","43","12","0.5","0","0"
"464","191","43","12","0.5","0","0"
"465","206","43","12","0.5","0","0"
"466","219","43","12","0.5","0","0"
"467","235","43","12","0.5","0","0"
"468","243","43","12","0.5","0","0"
"469","255","43","12","0.5","0","0"
"470","265","43","12","0.5","0","0"
"471","277","43","12","0.5","0","0"
"472","287","43","12","0.5","0","0"
"473","298","43","12","0.5","0","0"
"474","309","43","12","0.5","0","0"
"475","315","43","12","0.5","0","0"
"476","405","31","12","0.5","0","0"
"477","407","31","12","0.5","0","0"
"478","409","31","12","0.5","0","0"
"479","411","31","12","0.5","0","0"
"480","413","31","12","0.5","0","0"
"481","414","31","12","0.5","0","0"
"482","416","31","12","0.5","0","0"
"483","418","31","12","0.5","0","0"
"484","419","31","12","0.5","0","0"
"485","421","31","12","0.5","0","0"
"486","422","31","12","0.5","0","0"
"487","424","31","12","0.5","0","0"
"488","426","31","12","0.5","0","0"
"489","427","31","12","0.5","0","0"
"490","430","31","12","0.5","0","0"
"491","431","31","12","0.5","0","0"
"492","405","61","12","0.5","0","0"
"493","407","61","12","0.5","0","0"
"494","409","61","12","0.5","0","0"
"495","411","61","12","0.5","0","0"
"496","413","61","12","0.5","0","0"
"497","414","61","12","0.5","0","0"
"498","416","61","12","0.5","0","0"
"499","418","61","12","0.5","0","0"
"500","419","61","12","0.5","0","0"
"501","421","61","12","0.5","0","0"
"502","422","61","12","0.5","0","0"
"503","424","61","12","0.5","0","0"
"504","426","61","12","0.5","0","0"
"505","427","61","12","0.5","0","0"
"506","430","61","12","0.5","0","0"
"507","431","61","12","0.5","0","0"
"508","109","62","12","0.5","0","0"
"509","124","62","12","0.5","0","0"
"510","140","62","12","0.5","0","0"
"511","159","62","12","0.5","0","0"
"512","176","62","12","0.5","0","0"
"513","191","62","12","0.5","0","0"
"514","206","62","12","0.5","0","0"
"515","219","62","12","0.5","0","0"
"516","235","62","12","0.5","0","0"
"517","243","62","12","0.5","0","0"
"518","255","62","12","0.5","0","0"
"519","265","62","12","0.5","0","0"
"520","277","62","12","0.5","0","0"
"521","287","62","12","0.5","0","0"
"522","298","62","12","0.5","0","0"
"523","309","62","12","0.5","0","0"
"524","315","62","12","0.5","0","0"
"525","324","62","12","0.5","0","0"
"526","328","62","12","0.5","0","0"
"527","333","62","12","0.5","0","0"
"528","339","62","12","0.5","0","0"
"529","342","62","12","0.5","0","0"
"530","347","62","12","0.5","0","0"
"531","351","62","12","0.5","0","0"
"532","354","62","12","0.5","0","0"
"533","360","62","12","0.5","0","0"
"534","363","62","12","0.5","0","0"
"535","366","62","12","0.5","0","0"
"536","369","62","12","0.5","0","0"
"537","371","62","12","0.5","0","0"
"538","374","62","12","0.5","0","0"
"539","377","62","12","0.5","0","0"
"540","380","62","12","0.5","0","0"
"541","383","62","12","0.5","0","0"
"542","384","62","12","0.5","0","0"
"543","386","62","12","0.5","0","0"
"544","388","62","12","0.5","0","0"
"545","391","62","12","0.5","0","0"
"546","393","62","12","0.5","0","0"
"547","394","62","12","0.5","0","0"
"548","395","62","12","0.5","0","0"
"549","396","62","12","0.5","0","0"
"550","397","62","12","0.5","0","0"
"551","398","62","12","0.5","0","0"
"552","400","62","12","0.5","0","0"
"553","401","62","12","0.5","0","0"
"554","402","62","12","0.5","0","0"
"555","403","62","12","0.5","0","0"
"556","404","62","12","0.5","0","0"
"557","405","62","12","0.5","0","0"
"558","408","62","12","0.5","0","0"
"559","412","62","12","0.5","0","0"
"560","414","62","12","0.5","0","0"
"561","417","62","12","0.5","0","0"
"562","420","62","12","0.5","0","0"
"563","422","62","12","0.5","0","0"
"564","425","62","12","0.5","0","0"
"565","428","62","12","0.5","0","0"
"566","431","62","12","0.5","0","0"
"567","433","62","12","0.5","0","0"
"568","434","62","12","0.5","0","0"
"569","435","62","12","0.5","0","0"
"570","436","62","12","0.5","0","0"
"571","437","62","12","0.5","0","0"
"572","438","62","12","0.5","0","0"
"573","439","62","12","0.5","0","0"
"574","440","62","12","0.5","0","0"
"575","442","62","12","0.5","0","0"
"576","443","62","12","0.5","0","0"
"577","445","62","12","0.5","0","0"
"578","446","62","12","0.5","0","0"
"579","448","62","12","0.5","0","0"
"580","449","62","12","0.5","0","0"
"581","450","62","12","0.5","0","0"
"582","451","62","12","0.5","0","0"
"583","452","62","12","0.5","0","0"
"584","159","3","6","0.5","0","0"
"585","179","3","6","0.5","0","0"
"586","199","3","6","0.5","0","0"
"587","214","3","6","0.5","0","0"
"588","231","3","6","0.5","0","0"
"589","243","3","6","0.5","0","0"
"590","256","3","6","0.5","0","0"
"591","270","3","6","0.5","0","0"
"592","283","3","6","0.5","0","0"
"593","296","3","6","0.5","0","0"
"594","309","3","6","0.5","0","0"
"595","316","3","6","0.5","0","0"
"596","326","3","6","0.5","0","0"
"597","332","3","6","0.5","0","0"
"598","337","3","6","0.5","0","0"
"599","342","3","6","0.5","0","0"
"600","348","3","6","0.5","0","0"
"601","352","3","6","0.5","0","0"
"602","358","3","6","0.5","0","0"
"603","362","3","6","0.5","0","0"
"604","74","4","6","0.5","0","0"
"605","93","4","6","0.5","0","0"
"606","109","4","6","0.5","0","0"
"607","119","4","6","0.5","0","0"
"608","134","4","6","0.5","0","0"
"609","148","4","6","0.5","0","0"
"610","160","4","6","0.5","0","0"
"611","176","4","6","0.5","0","0"
"612","190","4","6","0.5","0","0"
"613","202","4","6","0.5","0","0"
"614","213","4","6","0.5","0","0"
"615","223","4","6","0.5","0","0"
"616","17","16","6","0.5","0","0"
"617","27","16","6","0.5","0","0"
"618","38","16","6","0.5","0","0"
"619","49","16","6","0.5","0","0"
"620","61","16","6","0.5","0","0"
"621","74","16","6","0.5","0","0"
"622","84","16","6","0.5","0","0"
"623","93","16","6","0.5","0","0"
"624","93","17","6","0.5","0","0"
"625","109","17","6","0.5","0","0"
"626","119","17","6","0.5","0","0"
"627","134","17","6","0.5","0","0"
"628","148","17","6","0.5","0","0"
"629","160","17","6","0.5","0","0"
"630","176","17","6","0.5","0","0"
"631","190","17","6","0.5","0","0"
"632","202","17","6","0.5","0","0"
"633","213","17","6","0.5","0","0"
"634","223","17","6","0.5","0","0"
"635","235","17","6","0.5","0","0"
"636","199","35","6","0.5","0","0"
"637","219","35","6","0.5","0","0"
"638","240","35","6","0.5","0","0"
"639","256","35","6","0.5","0","0"
"640","274","35","6","0.5","0","0"
"641","292","35","6","0.5","0","0"
"642","309","35","6","0.5","0","0"
"643","80","36","6","0.5","0","0"
"644","89","36","6","0.5","0","0"
"645","97","36","6","0.5","0","0"
"646","106","36","6","0.5","0","0"
"647","113","36","6","0.5","0","0"
"648","116","36","6","0.5","0","0"
"649","124","36","6","0.5","0","0"
"650","132","36","6","0.5","0","0"
"651","137","36","6","0.5","0","0"
"652","17","26","6","0.5","0","0"
"653","55","26","6","0.5","0","0"
"654","93","26","6","0.5","0","0"
"655","116","26","6","0.5","0","0"
"656","140","26","6","0.5","0","0"
"657","165","26","6","0.5","0","0"
"658","27","25","6","0.5","0","0"
"659","74","25","6","0.5","0","0"
"660","109","25","6","0.5","0","0"
"661","134","25","6","0.5","0","0"
"662","160","25","6","0.5","0","0"
"663","190","25","6","0.5","0","0"
"664","17","2","6","0.5","0","0"
"665","89","2","6","0.5","0","0"
"666","134","2","6","0.5","0","0"
"667","179","2","6","0.5","0","0"
"668","215","2","6","0.5","0","0"
"669","249","2","6","0.5","0","0"
"670","277","2","6","0.5","0","0"
"671","27","1","6","0.5","0","0"
"672","106","1","6","0.5","0","0"
"673","156","1","6","0.5","0","0"
"674","204","1","6","0.5","0","0"
"675","241","1","6","0.5","0","0"
"676","274","1","6","0.5","0","0"
"677","17","68","6","0.5","0","0"
"678","84","68","6","0.5","0","0"
"679","129","68","6","0.5","0","0"
"680","168","68","6","0.5","0","0"
"681","206","68","6","0.5","0","0"
"682","237","68","6","0.5","0","0"
"683","261","68","6","0.5","0","0"
"684","288","68","6","0.5","0","0"
"685","311","68","6","0.5","0","0"
"686","328","68","6","0.5","0","0"
"687","27","13","6","0.5","0","0"
"688","101","13","6","0.5","0","0"
"689","148","13","6","0.5","0","0"
"690","197","13","6","0.5","0","0"
"691","235","13","6","0.5","0","0"
"692","261","13","6","0.5","0","0"
"693","294","13","6","0.5","0","0"
"694","319","13","6","0.5","0","0"
"695","334","13","6","0.5","0","0"
"696","97","65","11","0.5","0","0"
"697","148","65","11","0.5","0","0"
"698","199","65","11","0.5","0","0"
"699","237","65","11","0.5","0","0"
"700","270","65","11","0.5","0","0"
"701","67","64","11","0.5","0","0"
"702","119","64","11","0.5","0","0"
"703","165","64","11","0.5","0","0"
"704","206","64","11","0.5","0","0"
"705","240","64","11","0.5","0","0"
"706","8","22","11","0.5","0","0"
"707","12","22","11","0.5","0","0"
"708","18","22","11","0.5","0","0"
"709","25","22","11","0.5","0","0"
"710","32","22","11","0.5","0","0"
"711","39","22","11","0.5","0","0"
"712","47","22","11","0.5","0","0"
"713","52","22","11","0.5","0","0"
"714","59","22","11","0.5","0","0"
"715","68","22","11","0.5","0","0"
"716","77","22","11","0.5","0","0"
"717","74","21","11","0.5","0","0"
"718","140","21","11","0.5","0","0"
"719","202","21","11","0.5","0","0"
"720","246","21","11","0.5","0","0"
"721","286","21","11","0.5","0","0"
"722","17","48","11","0.5","0","0"
"723","110","48","11","0.5","0","0"
"724","170","48","11","0.5","0","0"
"725","227","48","11","0.5","0","0"
"726","267","48","11","0.5","0","0"
"727","97","47","11","0.5","0","0"
"728","157","47","11","0.5","0","0"
"729","212","47","11","0.5","0","0"
"730","254","47","11","0.5","0","0"
"731","290","47","11","0.5","0","0"
"732","17","44","11","0.5","0","0"
"733","96","44","11","0.5","0","0"
"734","143","44","11","0.5","0","0"
"735","193","44","11","0.5","0","0"
"736","234","44","11","0.5","0","0"
"737","262","44","11","0.5","0","0"
"738","11","45","11","0.5","0","0"
"739","99","45","11","0.5","0","0"
"740","154","45","11","0.5","0","0"
"741","207","45","11","0.5","0","0"
"742","248","45","11","0.5","0","0"
"743","282","45","11","0.5","0","0"
"744","44","24","11","0.5","0","0"
"745","120","24","11","0.5","0","0"
"746","183","24","11","0.5","0","0"
"747","232","24","11","0.5","0","0"
"748","269","24","11","0.5","0","0"
"749","307","24","11","0.5","0","0"
"750","6","23","11","0.5","0","0"
"751","87","23","11","0.5","0","0"
"752","141","23","11","0.5","0","0"
"753","198","23","11","0.5","0","0"
"754","238","23","11","0.5","0","0"
"755","272","23","11","0.5","0","0"
"756","6","40","11","0.5","0","0"
"757","13","40","11","0.5","0","0"
"758","26","40","11","0.5","0","0"
"759","41","40","11","0.5","0","0"
"760","53","40","11","0.5","0","0"
"761","70","40","11","0.5","0","0"
"762","83","40","11","0.5","0","0"
"763","95","40","11","0.5","0","0"
"764","460","63","11","0.5","0","0"
"765","469","63","11","0.5","0","0"
"766","475","63","11","0.5","0","0"
"767","482","63","11","0.5","0","0"
"768","489","63","11","0.5","0","0"
"769","495","63","11","0.5","0","0"
"770","499","63","11","0.5","0","0"
"771","503","63","11","0.5","0","0"
"772","508","63","11","0.5","0","0"
"773","310","39","11","0.5","0","0"
"774","389","39","11","0.5","0","0"
"775","429","39","11","0.5","0","0"
"776","454","39","11","0.5","0","0"
"777","461","39","11","0.5","0","0"
"778","468","39","11","0.5","0","0"
"779","474","39","11","0.5","0","0"
"780","479","39","11","0.5","0","0"
"781","485","39","11","0.5","0","0"
"782","11","34","11","0.5","0","0"
"783","91","34","11","0.5","0","0"
"784","139","34","11","0.5","0","0"
"785","189","34","11","0.5","0","0"
"786","230","34","11","0.5","0","0"
"787","258","34","11","0.5","0","0"
"788","291","34","11","0.5","0","0"
"789","199","33","11","0.5","0","0"
"790","275","33","11","0.5","0","0"
"791","331","33","11","0.5","0","0"
"792","359","33","11","0.5","0","0"
"793","378","33","11","0.5","0","0"
"794","392","33","11","0.5","0","0"
"795","399","33","11","0.5","0","0"
"796","310","33","11","0.5","0","0"
"797","382","33","11","0.5","0","0"
"798","406","33","11","0.5","0","0"
"799","441","33","11","0.5","0","0"
"800","456","33","11","0.5","0","0"
"801","463","33","11","0.5","0","0"
"802","467","33","11","0.5","0","0"
"803","472","33","11","0.5","0","0"
"804","477","33","11","0.5","0","0"
"805","481","33","11","0.5","0","0"
"806","487","33","11","0.5","0","0"
"807","6","58","13","0.5","0","0"
"808","9","58","13","0.5","0","0"
"809","14","58","13","0.5","0","0"
"810","21","58","13","0.5","0","0"
"811","28","58","13","0.5","0","0"
"812","35","58","13","0.5","0","0"
"813","43","58","13","0.5","0","0"
"814","48","58","13","0.5","0","0"
"815","56","58","13","0.5","0","0"
"816","62","58","13","0.5","0","0"
"817","73","58","13","0.5","0","0"
"818","79","58","13","0.5","0","0"
"819","17","59","13","0.5","0","0"
"820","66","59","13","0.5","0","0"
"821","107","59","13","0.5","0","0"
"822","135","59","13","0.5","0","0"
"823","164","59","13","0.5","0","0"
"824","194","59","13","0.5","0","0"
"825","11","20","13","0.5","0","0"
"826","60","20","13","0.5","0","0"
"827","105","20","13","0.5","0","0"
"828","133","20","13","0.5","0","0"
"829","163","20","13","0.5","0","0"
"830","196","20","13","0.5","0","0"
"831","8","52","13","0.5","0","0"
"832","10","52","13","0.5","0","0"
"833","15","52","13","0.5","0","0"
"834","20","52","13","0.5","0","0"
"835","24","52","13","0.5","0","0"
"836","30","52","13","0.5","0","0"
"837","36","52","13","0.5","0","0"
"838","40","52","13","0.5","0","0"
"839","45","52","13","0.5","0","0"
"840","22","6","13","0.5","0","0"
"841","65","6","13","0.5","0","0"
"842","102","6","13","0.5","0","0"
"843","128","6","13","0.5","0","0"
"844","153","6","13","0.5","0","0"
"845","80","7","13","0.5","0","0"
"846","127","7","13","0.5","0","0"
"847","167","7","13","0.5","0","0"
"848","208","7","13","0.5","0","0"
"849","239","7","13","0.5","0","0"
"850","266","7","13","0.5","0","0"
"851","38","19","13","0.5","0","0"
"852","76","19","13","0.5","0","0"
"853","103","19","13","0.5","0","0"
"854","123","19","13","0.5","0","0"
"855","142","19","13","0.5","0","0"
"856","166","19","13","0.5","0","0"
"857","6","60","13","0.5","0","0"
"858","45","60","13","0.5","0","0"
"859","90","60","13","0.5","0","0"
"860","117","60","13","0.5","0","0"
"861","147","60","13","0.5","0","0"
"862","174","60","13","0.5","0","0"
"863","201","60","13","0.5","0","0"
"864","11","54","13","0.5","0","0"
"865","16","54","13","0.5","0","0"
"866","19","54","13","0.5","0","0"
"867","23","54","13","0.5","0","0"
"868","29","54","13","0.5","0","0"
"869","33","54","13","0.5","0","0"
"870","37","54","13","0.5","0","0"
"871","42","54","13","0.5","0","0"
"872","46","54","13","0.5","0","0"
"873","51","54","13","0.5","0","0"
"874","54","54","13","0.5","0","0"
"875","58","54","13","0.5","0","0"
"876","64","54","13","0.5","0","0"
"877","69","54","13","0.5","0","0"
"878","75","54","13","0.5","0","0"
"879","78","54","13","0.5","0","0"
"880","199","55","13","0.5","0","0"
"881","343","55","13","0.5","0","0"
"882","390","55","13","0.5","0","0"
"883","415","55","13","0.5","0","0"
"884","444","55","13","0.5","0","0"
"885","457","55","13","0.5","0","0"
"886","49","27","13","0.5","0","0"
"887","100","27","13","0.5","0","0"
"888","131","27","13","0.5","0","0"
"889","161","27","13","0.5","0","0"
"890","195","27","13","0.5","0","0"
"891","220","27","13","0.5","0","0"
"892","242","27","13","0.5","0","0"
"893","260","27","13","0.5","0","0"
"894","284","27","13","0.5","0","0"
"895","303","27","13","0.5","0","0"
"896","38","28","13","0.5","0","0"
"897","88","28","13","0.5","0","0"
"898","118","28","13","0.5","0","0"
"899","150","28","13","0.5","0","0"
"900","184","28","13","0.5","0","0"
"901","210","28","13","0.5","0","0"
"902","233","28","13","0.5","0","0"
"903","253","28","13","0.5","0","0"
"904","271","28","13","0.5","0","0"
"905","8","50","13","0.5","0","0"
"906","34","50","13","0.5","0","0"
"907","63","50","13","0.5","0","0"
"908","92","50","13","0.5","0","0"
"909","112","50","13","0.5","0","0"
"910","130","50","13","0.5","0","0"
"911","146","50","13","0.5","0","0"
"912","162","50","13","0.5","0","0"
"913","97","51","13","0.5","0","0"
"914","125","51","13","0.5","0","0"
"915","152","51","13","0.5","0","0"
"916","181","51","13","0.5","0","0"
"917","205","51","13","0.5","0","0"
"918","229","51","13","0.5","0","0"
"919","247","51","13","0.5","0","0"
"920","263","51","13","0.5","0","0"
"921","280","51","13","0.5","0","0"
"922","299","51","13","0.5","0","0"
"923","49","29","13","0.5","0","0"
"924","94","29","13","0.5","0","0"
"925","121","29","13","0.5","0","0"
"926","149","29","13","0.5","0","0"
"927","178","29","13","0.5","0","0"
"928","203","29","13","0.5","0","0"
"929","228","29","13","0.5","0","0"
"930","244","29","13","0.5","0","0"
"931","259","29","13","0.5","0","0"
"932","278","29","13","0.5","0","0"
"933","297","29","13","0.5","0","0"
"934","38","30","13","0.5","0","0"
"935","72","30","13","0.5","0","0"
"936","98","30","13","0.5","0","0"
"937","115","30","13","0.5","0","0"
"938","136","30","13","0.5","0","0"
"939","155","30","13","0.5","0","0"
"940","172","30","13","0.5","0","0"
"941","192","30","13","0.5","0","0"
"942","209","30","13","0.5","0","0"
"943","38","14","13","0.5","0","0"
"944","72","14","13","0.5","0","0"
"945","98","14","13","0.5","0","0"
"946","115","14","13","0.5","0","0"
"947","136","14","13","0.5","0","0"
"948","155","14","13","0.5","0","0"
"949","172","14","13","0.5","0","0"
"950","192","14","13","0.5","0","0"
"951","209","14","13","0.5","0","0"
"952","106","15","13","0.5","0","0"
"953","145","15","13","0.5","0","0"
"954","188","15","13","0.5","0","0"
"955","221","15","13","0.5","0","0"
"956","250","15","13","0.5","0","0"
"957","276","15","13","0.5","0","0"
"958","301","15","13","0.5","0","0"
"959","323","15","13","0.5","0","0"
"960","335","15","13","0.5","0","0"
"961","346","15","13","0.5","0","0"
"962","355","15","13","0.5","0","0"
"963","44","12","1","0.5","0","0"
"964","71","12","1","0.5","0","0"
"965","93","12","1","0.5","0","0"
"966","111","12","1","0.5","0","0"
"967","124","12","1","0.5","0","0"
"968","138","12","1","0.5","0","0"
"969","156","12","1","0.5","0","0"
"970","169","12","1","0.5","0","0"
"971","186","12","1","0.5","0","0"
"972","200","12","1","0.5","0","0"
"973","213","12","1","0.5","0","0"
"974","225","12","1","0.5","0","0"
"975","236","12","1","0.5","0","0"
"976","245","12","1","0.5","0","0"
"977","255","12","1","0.5","0","0"
"978","264","12","1","0.5","0","0"
"979","274","12","1","0.5","0","0"
"980","285","12","1","0.5","0","0"
"981","294","12","1","0.5","0","0"
"982","302","12","1","0.5","0","0"
"983","310","12","1","0.5","0","0"
"984","318","12","1","0.5","0","0"
"985","325","12","1","0.5","0","0"
"986","329","12","1","0.5","0","0"
"987","333","12","1","0.5","0","0"
"988","338","12","1","0.5","0","0"
"989","341","12","1","0.5","0","0"
"990","345","12","1","0.5","0","0"
"991","349","12","1","0.5","0","0"
"992","353","12","1","0.5","0","0"
"993","357","12","1","0.5","0","0"
"994","361","12","1","0.5","0","0"
"995","364","12","1","0.5","0","0"
"996","367","12","1","0.5","0","0"
"997","369","12","1","0.5","0","0"
"998","370","12","1","0.5","0","0"
"999","373","12","1","0.5","0","0"
"1000","375","12","1","0.5","0","0"
"1001","44","53","1","0.5","0","0"
"1002","71","53","1","0.5","0","0"
"1003","93","53","1","0.5","0","0"
"1004","111","53","1","0.5","0","0"
"1005","124","53","1","0.5","0","0"
"1006","138","53","1","0.5","0","0"
"1007","156","53","1","0.5","0","0"
"1008","169","53","1","0.5","0","0"
"1009","186","53","1","0.5","0","0"
"1010","200","53","1","0.5","0","0"
"1011","213","53","1","0.5","0","0"
"1012","225","53","1","0.5","0","0"
"1013","236","53","1","0.5","0","0"
"1014","245","53","1","0.5","0","0"
"1015","255","53","1","0.5","0","0"
"1016","264","53","1","0.5","0","0"
"1017","274","53","1","0.5","0","0"
"1018","285","53","1","0.5","0","0"
"1019","294","53","1","0.5","0","0"
"1020","302","53","1","0.5","0","0"
"1021","310","53","1","0.5","0","0"
"1022","318","53","1","0.5","0","0"
"1023","325","53","1","0.5","0","0"
"1024","329","53","1","0.5","0","0"
"1025","333","53","1","0.5","0","0"
"1026","338","53","1","0.5","0","0"
"1027","341","53","1","0.5","0","0"
"1028","345","53","1","0.5","0","0"
"1029","349","53","1","0.5","0","0"
"1030","353","53","1","0.5","0","0"
"1031","357","53","1","0.5","0","0"
"1032","361","53","1","0.5","0","0"
"1033","364","53","1","0.5","0","0"
"1034","367","53","1","0.5","0","0"
"1035","369","53","1","0.5","0","0"
"1036","370","53","1","0.5","0","0"
"1037","373","53","1","0.5","0","0"
"1038","375","53","1","0.5","0","0"
"1039","38","66","10","0.5","0","0"
"1040","84","66","10","0.5","0","0"
"1041","114","66","10","0.5","0","0"
"1042","140","66","10","0.5","0","0"
"1043","168","66","10","0.5","0","0"
"1044","215","66","10","0.5","0","0"
"1045","237","66","10","0.5","0","0"
"1046","255","66","10","0.5","0","0"
"1047","273","66","10","0.5","0","0"
"1048","288","66","10","0.5","0","0"
"1049","308","66","10","0.5","0","0"
"1050","319","66","10","0.5","0","0"
"1051","328","66","10","0.5","0","0"
"1052","336","66","10","0.5","0","0"
"1053","344","66","10","0.5","0","0"
"1054","350","66","10","0.5","0","0"
"1055","357","66","10","0.5","0","0"
"1056","363","66","10","0.5","0","0"
"1057","368","66","10","0.5","0","0"
"1058","376","66","10","0.5","0","0"
"1059","381","66","10","0.5","0","0"
"1060","384","66","10","0.5","0","0"
"1061","80","66","10","0.5","0","0"
"1062","151","66","10","0.5","0","0"
"1063","197","66","10","0.5","0","0"
"1064","236","66","10","0.5","0","0"
"1065","310","66","10","0.5","0","0"
"1066","356","66","10","0.5","0","0"
"1067","372","66","10","0.5","0","0"
"1068","385","66","10","0.5","0","0"
"1069","44","18","14","0.5","0","0"
"1070","74","18","14","0.5","0","0"
"1071","97","18","14","0.5","0","0"
"1072","114","18","14","0.5","0","0"
"1073","132","18","14","0.5","0","0"
"1074","148","18","14","0.5","0","0"
"1075","165","18","14","0.5","0","0"
"1076","185","18","14","0.5","0","0"
"1077","199","18","14","0.5","0","0"
"1078","213","18","14","0.5","0","0"
"1079","226","18","14","0.5","0","0"
"1080","237","18","14","0.5","0","0"
"1081","249","18","14","0.5","0","0"
"1082","257","18","14","0.5","0","0"
"1083","270","18","14","0.5","0","0"
"1084","279","18","14","0.5","0","0"
"1085","292","18","14","0.5","0","0"
"1086","97","71","7","0.5","0","0"
"1087","310","71","7","0.5","0","0"
"1088","226","71","7","0.5","0","0"
"1089","114","70","7","0.5","0","0"
"1090","165","72","7","0.5","0","0"
"1091","140","73","7","0.5","0","0"
"1092","240","73","7","0.5","0","0"
"1093","74","74","7","0.5","0","0"
"1094","235","75","7","0.5","0","0"
"1095","144","75","7","0.5","0","0"
"1096","310","76","7","0.5","0","0"
"1097","251","77","7","0.5","0","0"
"1098","8","77","7","0.5","0","0"
"1099","144","77","7","0.5","0","0"
"1100","97","78","7","0.5","0","0"
"1101","240","78","7","0.5","0","0"
"1102","246","79","7","0.5","0","0"
"1103","114","79","7","0.5","0","0"
"1104","55","80","7","0.5","0","0"
"1105","49","81","7","0.5","0","0"
"1106","17","82","8","0.5","0","0"
"1107","11","83","8","0.5","0","0"
"1108","6","84","8","0.5","0","0"
"1109","22","84","8","0.5","0","0"
"1110","22","85","8","0.5","0","0"
"1111","55","85","8","0.5","0","0"
"1112","55","86","8","0.5","0","0"
"1113","6","86","8","0.5","0","0"
"1114","6","87","8","0.5","0","0"
"1115","6","88","8","0.5","0","0"
"1116","11","89","8","0.5","0","0"
"1117","6","90","8","0.5","0","0"
"1118","5","91","8","0.5","0","0"
"1119","4","92","8","0.5","0","0"
"1120","8","93","9","0.5","0","0"
"1121","8","94","9","0.5","0","0"
"1122","55","93","9","0.5","0","0"
"1123","61","93","9","0.5","0","0"
"1124","67","93","9","0.5","0","0"
"1125","49","93","9","0.5","0","0"
"1126","80","93","9","0.5","0","0"
"1127","74","93","9","0.5","0","0"
"1128","6","94","9","0.5","0","0"
"1129","6","95","9","0.5","0","0"
"1130","6","96","9","0.5","0","0"
"1131","6","97","9","0.5","0","0"
"1132","6","98","9","0.5","0","0"
"1133","6","99","9","0.5","0","0"
"1134","6","100","9","0.5","0","0"
"1135","6","101","9","0.5","0","0"
"1136","3","102","5","0.5","0","0"
"1137","3","103","5","0.5","0","0"
"1138","3","104","5","0.5","0","0"
"1139","3","105","5","0.5","0","0"
"1140","3","106","5","0.5","0","0"
"1141","3","107","5","0.5","0","0"
"1142","3","108","5","0.5","0","0"
"1143","3","109","5","0.5","0","0"
"1144","3","110","5","0.5","0","0"
"1145","3","111","5","0.5","0","0"
"1146","3","112","5","0.5","0","0"
"1147","3","113","5","0.5","0","0"
"1163","17","2","6","0.5","0","1"
"1164","159","3","6","0.5","0","1"
"1165","179","3","6","0.5","0","1"
"1166","199","3","6","0.5","0","1"
"1167","74","4","6","0.5","0","1"
"1168","44","5","3","0.5","0","1"
"1169","55","5","3","0.5","0","1"
"1170","67","5","3","0.5","0","1"
"1171","44","8","3","0.5","0","1"
"1172","55","8","3","0.5","0","1"
"1173","67","8","3","0.5","0","1"
"1174","44","9","3","0.5","0","1"
"1175","55","9","3","0.5","0","1"
"1176","67","9","3","0.5","0","1"
"1177","44","10","3","0.5","0","1"
"1178","55","10","3","0.5","0","1"
"1179","67","10","3","0.5","0","1"
"1180","423","11","3","0.5","0","1"
"1181","437","11","3","0.5","0","1"
"1182","447","11","3","0.5","0","1"
"1183","455","11","3","0.5","0","1"
"1184","458","11","3","0.5","0","1"
"1185","27","13","6","0.5","0","1"
"1186","38","14","13","0.5","0","1"
"1187","106","15","13","0.5","0","1"
"1188","17","16","6","0.5","0","1"
"1189","93","17","6","0.5","0","1"
"1190","49","27","13","0.5","0","1"
"1191","38","28","13","0.5","0","1"
"1192","49","29","13","0.5","0","1"
"1193","38","30","13","0.5","0","1"
"1194","405","31","12","0.5","0","1"
"1195","407","31","12","0.5","0","1"
"1196","1","32","12","0.5","0","1"
"1197","2","32","12","0.5","0","1"
"1198","199","35","6","0.5","0","1"
"1199","80","36","6","0.5","0","1"
"1200","44","37","3","0.5","0","1"
"1201","55","37","3","0.5","0","1"
"1202","67","37","3","0.5","0","1"
"1203","44","38","3","0.5","0","1"
"1204","55","38","3","0.5","0","1"
"1205","67","38","3","0.5","0","1"
"1206","423","41","3","0.5","0","1"
"1207","437","41","3","0.5","0","1"
"1208","447","41","3","0.5","0","1"
"1209","455","41","3","0.5","0","1"
"1210","458","41","3","0.5","0","1"
"1211","1","42","12","0.5","0","1"
"1212","2","42","12","0.5","0","1"
"1213","109","43","12","0.5","0","1"
"1214","124","43","12","0.5","0","1"
"1215","423","46","3","0.5","0","1"
"1216","437","46","3","0.5","0","1"
"1217","447","46","3","0.5","0","1"
"1218","455","46","3","0.5","0","1"
"1219","458","46","3","0.5","0","1"
"1220","423","49","3","0.5","0","1"
"1221","437","49","3","0.5","0","1"
"1222","447","49","3","0.5","0","1"
"1223","455","49","3","0.5","0","1"
"1224","458","49","3","0.5","0","1"
"1225","8","50","13","0.5","0","1"
"1226","97","51","13","0.5","0","1"
"1227","8","52","13","0.5","0","1"
"1228","11","54","13","0.5","0","1"
"1229","16","54","13","0.5","0","1"
"1230","423","56","3","0.5","0","1"
"1231","437","56","3","0.5","0","1"
"1232","447","56","3","0.5","0","1"
"1233","455","56","3","0.5","0","1"
"1234","458","56","3","0.5","0","1"
"1235","44","57","3","0.5","0","1"
"1236","55","57","3","0.5","0","1"
"1237","67","57","3","0.5","0","1"
"1238","6","58","13","0.5","0","1"
"1239","6","60","13","0.5","0","1"
"1240","405","61","12","0.5","0","1"
"1241","407","61","12","0.5","0","1"
"1242","109","62","12","0.5","0","1"
"1243","124","62","12","0.5","0","1"
"1244","140","62","12","0.5","0","1"
"1245","159","62","12","0.5","0","1"
"1246","176","62","12","0.5","0","1"
"1247","191","62","12","0.5","0","1"
"1248","206","62","12","0.5","0","1"
"1249","219","62","12","0.5","0","1"
"1250","235","62","12","0.5","0","1"
"1251","243","62","12","0.5","0","1"
"1252","255","62","12","0.5","0","1"
"1253","423","67","3","0.5","0","1"
"1254","437","67","3","0.5","0","1"
"1255","447","67","3","0.5","0","1"
"1256","455","67","3","0.5","0","1"
"1257","458","67","3","0.5","0","1"
"1258","17","68","6","0.5","0","1"
"1259","423","69","3","0.5","0","1"
"1260","437","69","3","0.5","0","1"
"1261","447","69","3","0.5","0","1"
"1262","455","69","3","0.5","0","1"
"1263","458","69","3","0.5","0","1"
